:020000022000DC
:10600000402500207D6A0200A9CC0200696A0200D6
:10601000696A0200696A0200696A02000000000001
:10602000000000000000000000000000B56A02004F
:10603000696A020000000000A96C0200696A02009F
:10604000FD6C0200FD6C0200FD6C0200FD6C0200A4
:10605000FD6C0200FD6C0200FD6C0200FD6C020094
:10606000FD6C0200FD6C0200FD6C0200FD6C020084
:10607000FD6C0200FD6C0200FD6C0200FD6C020074
:10608000FD6C0200FD6C0200FD6C0200FD6C020064
:10609000FD6C0200FD6C0200FD6C0200FD6C020054
:1060A000FD6C0200FD6C0200FD6C0200FD6C020044
:1060B000FD6C0200FD6C0200FD6C0200FD6C020034
:1060C000FD6C0200FD6C0200FD6C0200FD6C020024
:1060D000FD6C0200FD6C0200FD6C0200FD6C020014
:1060E000FD6C0200FD6C0200FD6C0200FD6C020004
:1060F000FD6C0200FD6C0200FD6C0200FD6C0200F4
:1061000010F8012B11F8013B012A28BF9A42F7D061
:10611000D01A7047014806F000BC00BF76060300A5
:10612000F0B403460A461979DB88006813430C4A29
:106130009A4308BF83F440231F290ED80669876855
:10614000346801258D4023F48012DB074CBF2C43BB
:10615000AC4334603B68F0BC1847F0BC704700BFEC
:106160000100100037B5354C204609F040FB0028EF
:1061700061D0204609F03BFB00285CD0304809F094
:1061800036FB002857D02F484FF4B011FFF7C8FF57
:106190002D484FF48031FFF7C3FF2C4A2C4B53603E
:1061A0004FF400739360A368DB691BB12749012298
:1061B00020469847A3689D696DB123691F481B68F5
:1061C00013F4007F14BF4FF000734FF080634FF063
:1061D000A0720921A8471A4C1E4806F09EFBA5682C
:1061E0002B6813B30DF1070120469847E8B99DF8D5
:1061F0000730622B19D1184806F08FFB4FF480400E
:10620000002105F069FB4FF080435722C3F81C259D
:10621000BFF34F8F1149124BCA6802F4E062134377
:10622000CB60BFF34F8F00BFFDE74FF4A470002198
:1062300005F052FBD4E703B030BD00BF840103007A
:10624000A00103007004030068040300F8080020A4
:1062500015610200880603009606030000ED00E0C9
:106260000400FA0508B5024806F057FB002008BDF7
:10627000AB060300014B1B68184700BFD800002085
:1062800030B585B004460D4610220021684609F05D
:106290009FFE02238DF802302A46044B01932146CB
:1062A000684605F0B7FE05B030BD00BF756202005C
:1062B000014B1860704700BFD80000202DE9F0475F
:1062C000068B0446300790460AD501290CBF46F0DC
:1062D000100646F02006268388F31188BDE8F08773
:1062E000022906F0070640F08980204606F03DFBB3
:1062F00005285FD801A353F820F000BFD96202003F
:10630000FD630200B563020079630200916302003D
:10631000A363020001F007035A1F012A1DD80022BF
:10632000062B256821F00701C4E9002209D135B107
:106330002B46628B013262831B68002BF9D141F03E
:1063400002012183204606F010FB4FF000090028CF
:1063500062D041F0200121835EE0042B09D121F0BD
:1063600007012183204606F000FB10B141F0200117
:1063700021830025A9464FE02369D3F80090238BA1
:1063800023F0070343F00603238300252F4643E051
:106390002369D3F80490238B23F0070343F004030D
:1063A000F2E72369D3F80890238B23F0070343F027
:1063B0000503E9E70025A946E8E7012243F00803C1
:1063C000238388F31188002A34D1002D45D1B9F1F7
:1063D000000F02D029492046C847EFF31188202337
:1063E00083F31288238B23F008039BB22383D906FF
:1063F0003BD523F01002228303F007066769218B47
:10640000002F87DA0023256821F00701C4E9003353
:1064100041F0010121839946238B03F0070AB2451D
:1064200002D0A268002AC8D115B9B9F1000FDED098
:106430000022C3E7A1680029C7D00E680029C4D094
:10644000D1F804803B4652462046C0471EB133680F
:1064500031461E46F2E73346FAE729463B465246A6
:1064600020462D6806F0ADFAAFE79A067FF534AF07
:1064700023F02002228303F0070636E7EDC902006D
:10648000014B0360002070477804030007B51B49E7
:106490001B4806F0BFFD70BB1A49194806F0BAFD4B
:1064A00048BB1949164806F0B5FD20BB17491448EA
:1064B00006F0B0FDF8B90146154A114807F0E6F8B4
:1064C000C8B9024613490E48012307F0B8F990B93C
:1064D00001230093014602230948EF2206F0A8FC9D
:1064E00048B9074806F0CDFC28B9054803B05DF867
:1064F00004EB06F0F6BC03B000BD00BF5001002065
:106500006404002038010020200100200801002040
:10651000DC000020E706030008B50348034A002119
:10652000121A06F0B9FB08BDF80400200011002083
:106530000748084A084908B5121A06F0AFFB074891
:10654000074A0849BDE80840121A06F0A7BB00BF79
:1065500000000020F8040020100D030000000020BF
:1065600000000020100D030070B505460C46D9B19F
:1065700006F0D0F9D4E901232168144806F0CDF9DA
:1065800006F0C8F9D4E90423E168114806F0C5F91A
:1065900006F0C0F9E1690F4806F0BFF906F0BAF954
:1065A000A1690D4806F0B9F9012D08D1EFF3058670
:1065B00006F0B0F90948A6F1100106F0AEF921463F
:1065C0002846BDE8704003F0FFBF00BF000703008E
:1065D0003007030060070300700703009F070300F4
:1065E00030BFFFF7FDBF00BF2DE9F843384D8046AF
:1065F0008946174606F08EF9364806F08EF9AB6AE2
:10660000DE0628D506F086F9334806F086F911240F
:10661000AB6A1D0705D506F07DF9304806F07DF917
:1066200012242B4EB36A980717D506F073F92C483D
:1066300006F073F9756BB36A190646D506F06AF968
:106640002848294606F069F9B9F1000F01D08023E6
:10665000B362132403E01024DAE76FF015051C4E33
:10666000B36ADA0705D506F055F91F4806F055F963
:106670001424B36A9B0605D506F04CF91B4806F0B6
:106680004CF91524124B9A6AD60602D49A6A9007DE
:106690000AD55B68190507D54146284600F0A8FAD7
:1066A00010B180F309880224094B9A6A920642BF0E
:1066B0005A6A22F400525A629A6A42F0FF029A62BF
:1066C00000233B702046BDE8F8836FF01505C0E756
:1066D00000ED00E0B3070300CA070300FE07030054
:1066E000120803002B08030042080300620803009D
:1066F00010B5244C06F00EF9234806F00EF9A36AF3
:1067000099013CD506F006F9204806F006F91E204E
:10671000A36ADA0105D506F0FDF81D4806F0FDF87C
:106720001F20184CA36A1B0305D506F0F3F819487F
:1067300006F0F3F82120A36A590305D506F0EAF81C
:10674000154806F0EAF822200E4CA36A9A0305D5F4
:1067500006F0E0F8114806F0E0F82320A36ADB0316
:1067600005D506F0D7F80E4806F0D7F82420054ADC
:10677000936A6FEA03436FEA1343936210BD1D20CF
:10678000C6E700BF00ED00E092080300AB0803007D
:10679000BF080300DA080300F90803001F0903001B
:1067A0003A090300F8B52C4C06460D4606F0B2F83F
:1067B0002A4806F0B2F8A36ADA0441D506F0AAF82E
:1067C000274806F0AAF81720A36A1B0505D506F08E
:1067D000A1F8244806F0A1F818201F4CA36A9F05D1
:1067E00013D506F097F8204806F097F8A76BA36A30
:1067F000180409D506F08EF81C48394606F08DF8C5
:1068000016B14FF40043A3621920134CA36A590533
:1068100005D506F07FF8164806F07FF81A20A36A1F
:10682000DA050FD506F076F8124806F076F81B2048
:10683000094A936A43F47F43936200232B70F8BDA7
:106840001620C1E7A36A9B04F2D506F063F80A4854
:1068500006F063F81C20EBE700ED00E0660903009A
:106860007D090300FE0703008F090300A909030047
:10687000BF090300DB090300620803002DE9F041B2
:10688000674B8AB05F68002585F3118802F07F436B
:10689000B3F17F4F08D1140726D5500710D406F066
:1068A00039F8604806F039F806F034F85E4806F02A
:1068B00034F8002108460AB0BDE8F041FFF754BEA5
:1068C0000C46002CF0D0C7F308064FF00008F31E6A
:1068D0008DF80780092B00F29180DFE803F0088330
:1068E000877F8F8F8F8F8F8B04460125E9E706F016
:1068F00011F84B4E4D4806F010F88DF80780F36AFA
:106900009A0706D506F006F8494806F006F800236F
:106910002CE0F36A002B03DA05F0FCFF4548F4E7AE
:10692000F36A5B00F3D505F0F5FF434805F0F5FF8A
:106930007369A26943F480737361BFF34F8FBFF330
:106940006F8F736932F8022C23F480737361BFF385
:106950004F8FBFF36F8F4DF602739A4226D105F029
:10696000D9FF2168354805F0D8FF23689DF8072036
:10697000CAB902AE04F1200720686168324603C23A
:106980000834BC421646F7D1099A002D44D0C2F310
:10699000080121B96FEA52226FEA4222099202A944
:1069A0001846FFF7E1FD0AB0BDE8F081B36ADBB23B
:1069B00033B10DF1070201212046FFF715FE0FE06C
:1069C000B36A13F47F4F05D00DF107010120FFF7E3
:1069D000E9FE05E0B36AB3F5803F98D3FFF788FE80
:1069E0000346C3E70DF107020021E5E70DF10701BA
:1069F0000020ECE705F08EFF114886E705F08AFFDE
:106A0000104B1149114817F4F87FA6F1100208BF86
:106A1000194605F082FF7AE76FF30802BEE700BF70
:106A200000ED00E0220A03004E0A03008B0A030077
:106A3000A30A0300C50A0300D40A0300F40A0300F2
:106A4000110B0300F4090300090A0300360B0300CD
:106A5000044B5A6942F010025A615A6922F0080246
:106A60005A61704700ED00E0EFF30880EFF3098111
:106A700001B57246FFF702FF01BD00BF0B4880F36E
:106A8000088803F07BF9202080F3118808484FF430
:106A90000461401880F30988EFF314800221084351
:106AA00080F31488BFF36F8F00F06AF84025002050
:106AB000801700201EF0040F0CBFEFF30880EFF3E7
:106AC0000980816911F8021C0229FFD001B57246C4
:106AD00006F0E6F801BD00BF40B2002807DB044A1B
:106AE0004109012300F01F00834042F82130704724
:106AF00000E100E040B200280CDB4309064900F049
:106B00001F0020330122824041F82320BFF34F8F22
:106B1000BFF36F8F704700BF00E100E0054B4209F3
:106B200000F01F0053F82220012303FA00F0104068
:106B3000704700BF00E100E040B20028ACBF00F1A8
:106B40006040074B01F10101ACBF00F5614000F06E
:106B50000F004FEA4111B4BF195480F80013704779
:106B600014ED00E0044B054A23F07F039360BFF36C
:106B70004F8FBFF36F8F70470060020000ED00E0A1
:106B800008B5FFF7EFFF0B4AD2F8883023F4700303
:106B9000C2F88830EFF3148323F0040383F31488DE
:106BA000BFF36F8FFFF7B8FCFFF7C2FC06F0A9F840
:106BB00003F006FE00ED00E042F8203C009B42F8A6
:106BC0001C3C0A49019B42F8183C029B42F8143CC9
:106BD00021F001014FF0807342F8043C42F8081C98
:106BE0000023203A0265C0F88C30704785CC020043
:106BF000094B0246986870B112F1160FC06E05D0AD
:106C0000A0F140039A4205D3824203D2814228BFB9
:106C100000207047002070479410002008B50B4BEF
:106C20000E461546986000F087F82C4686F30988D2
:106C30000020044B98472046002100220023024CEC
:106C400020470000C5CC020085CC02009410002033
:106C5000014B10221A61704700ED00E0054B5A69A4
:106C60009B689A421FBF044A536843F080535360A5
:106C7000704700BF9410002000ED00E0084B9B68B7
:106C800083420BD1EFF3058343B1064B5A6842F0C0
:106C900080525A605A6A22F400425A6208F0CFBF0A
:106CA0009410002000ED00E012498A684FF0300097
:106CB0001044EFF3098C80E8F01F202080F3128845
:106CC0000D4F4FF000664A698A603E60D2F88C0032
:106CD0000023C2F88C3080F3118804B5104600F010
:106CE0002BF8BDE8044002F1300090E8F01F8CF36F
:106CF000098870479410002004ED00E008B5EFF318
:106D00000583064A103B02EBC30152F83300496881
:106D10008847BDE80840FFF7A1BF00BFF4010300AA
:106D2000024B034A0348012100F068B80000042028
:106D30000000002078040300C36E054A403B136046
:106D4000044B4021C2E901131046012100F060B854
:106D50000409002000000B152DE9F0411B4F0446EB
:106D600000268E4202DB1046BDE8F081606830B339
:106D700053B100F1FF3C10EA0C0F23D11F2821D999
:106D800025681CEA050F1DD1D7F89050C5F30725DB
:106D9000D2B2013DAA4215D805F0BFFF2568D4F84C
:106DA000088025F01F05154348EA000845F0100546
:106DB00048F00100C7F89C500132C7F8A000013626
:106DC0000C34CEE76FF01502CDE700BF00ED00E018
:106DD000044B0522C3F89420BFF34F8FBFF36F8F8E
:106DE000704700BF00ED00E0BFF35F8F024B002251
:106DF000C3F89420704700BF00ED00E010B5034CCD
:106E000001232278FFF7A8FF207010BDD0100020CA
:106E100008B50B4A00231278FFF79EFF10F1160FFA
:106E200006D00849D1F89020C2F30722904200DB37
:106E300008BDC1F89800C1F8A0300130F2E700BFEA
:106E4000D010002000ED00E02DE9F743604C6148D0
:106E5000D4F890300168C3F30723994200F2B5805B
:106E6000FFF7C2FF40680022914220D15A4D584F8F
:106E7000297001A8FFF704FB2C78019B4FF0000953
:106E8000804621464E46B04522D1B9F1000F01D0CF
:106E900029700C464E4A0021D2F89030C3F30723E4
:106EA0009C42C0F28C80FFF793FF00204BE050F82B
:106EB0000C3B23F01F03134343F01003C4F89C3032
:106EC00050F8043C43F00103C4F8A0300132CBE792
:106ED000DA686FF31302B2F5000F49D00BD8B2F5A0
:106EE000001F33D0B2F5800F39D0B2F5801F14D017
:106EF00001361033C7E7B2F1007F42D0B2F1805FB4
:106F000046D0B2F1807FF3D1D3E9012005F005FF2F
:106F100040F0885040F4801007E0D3E9012005F0EC
:106F2000FCFE40F0885040F43020D7F890C0CCF3FD
:106F3000072C0CF1FF3C614531D9B9F1000F00D0AD
:106F400029706FF0150003B0BDE8F083D3E901208C
:106F500005F0E3FE40F0885040F40020E5E7D3E977
:106F6000012005F0DAFE40F0C06040F40030DCE7BC
:106F7000D3E9012005F0D1FE40F0885040F4802094
:106F8000D3E7D3E9012005F0C8FE40F08050F5E7D3
:106F9000D3E9012005F0C1FE40F08850E5E722F07A
:106FA0001F020A4342F0100240F001000131C7F80D
:106FB0009C20C9B2C7F8A0004FF0010998E7C2F8B9
:106FC0009840C2F8A010013466E74FF0FF30BAE7EE
:106FD00000ED00E084040300D010002008B5024B4F
:106FE0001B689847002008BD10090020034B044A85
:106FF0001860937843F002039370704710090020E3
:107000006801002008B50649064821F00701C1F1D2
:10701000005202F5802205F045FC002008BD00BFAB
:107020003F37002014090020014B986868307047F2
:107030009410002070B54169867A0B4D044659B111
:10704000437ADB0706D4242303FB0653DB691B6862
:107050009B689847002363612420214600FB06506B
:10706000BDE8704008F03EBD1C040020024B242205
:1070700002FB0030704700BF1C040020827A064BE0
:10708000242101FB02331A6A1B7D1B33801A23F073
:107090000303B0FBF3F070471C04002038B5074B26
:1070A000827A242404FB0233DB69D3E901240C60D7
:1070B0001568FFF7E3FF04FB005038BD1C040020F7
:1070C0002DE9FF4D05466846039192469B4608F020
:1070D000B4FEDDE90067EFF31188202383F3128803
:1070E0006B8A002B3DD02A8A9A4223D900220023A2
:1070F000284603F02DFE0446E0B188F31188039B77
:10710000002B3DD032463B46684608F0BBFEA27AD3
:10711000244B242101FB02332046DB691B6803A9B1
:107120001D68DDE90023A847606150BB2046FFF7DA
:1071300081FF20E0698A4B1E6B8288F311882B7DCA
:107140002A8A2C6A1B3323F00303521A02FB0344DE
:10715000144B154AEB1A9B105343A3722B7DE37219
:10716000CDE788F3118852465B46284603F0F0FDD0
:1071700004460028C3D10024204604B0BDE8F08DA9
:107180006361012300252381039B6382E27A6560AA
:10719000294604F1180008F01BFF63692582E360AB
:1071A000EAE700BF1C040020398EE338F8B5124D21
:1071B0000024242600B9F8BD00F108024768BFF397
:1071C0005B8F52E8003F591E42E8001CBCF1000FE3
:1071D000F7D1BFF35B8FDBB2012BECD1837AC460B4
:1071E00006FB035344609B6913B198473846E1E7B7
:1071F000FFF720FFFAE700BF1C040020024B01222A
:10720000C3F84025704700BF00E0014048B1054B7E
:10721000054A1B68B3FBF2F35843044B43F00103E8
:10722000184770471803002040420F006004030015
:1072300008B5054A054B136010463F23536002F022
:1072400079FE002008BD00BF20090020FFFF0F00CD
:107250002DE9F04F0446087E91B0002330F08008FD
:107260000E461546039340F042847AB10846FFF774
:107270009DFF737EDA0703D49B070FD5337E6BB96E
:10728000204611B0BDE8F04F05F07BBF4B7E9F0755
:1072900014D5802806D13046FFF788FF404611B04C
:1072A000BDE8F08F04F1280760B9DA076FD5338A9B
:1072B000082B30D03046FFF779FF54E0990704F1EE
:1072C0002807F1D15B074ED50028E4D03046FFF700
:1072D0006DFF94F83930002BE0D094F82930052B5D
:1072E00005D1618DA069C9B205F081FF054694F80A
:1072F0002930032B0AD1638D022B07D1A18DA06900
:107300000022C1F3072105F04FFF0546002384F852
:107310003930A846C2E7F26813683B6053687B6067
:10732000314605F02BFD03900028C4D105F005FD82
:107330000023036094F8283013F0600FC3F3411169
:107340001A4626D0032940F07A836FF0850505F0B0
:10735000F4FC0368002B00F07A83002D00F07483A6
:1073600003980028A7D1384605F0DEFE0346A06941
:10737000002B40F0BA83E38D002B00F0B683039915
:10738000003918BF0121C90107F0ADF978E703966C
:10739000CCE7384605F0C8FE94F82930002840F0C4
:1073A0001581013B0A2BD0D801A151F823F000BF71
:1073B000DB7402004B730200457502004B73020040
:1073C000DD7302004B7302004B7302004B7302002B
:1073D000397402004B730200A3740200618D7F298F
:1073E000B3D8A38D002BB0D1E38D002BADD1D30644
:1073F000ABD194F83030022B02D14FF0FF35A6E725
:10740000A069036993F880301D070FD5C9B205F054
:10741000EEFE054600289AD194F83030012B09D1B0
:10742000638D3BB984F83030002590E7012384F860
:107430003930F1E70123F5E7204605F0F4FC628DD1
:10744000FF2A014681D8E38D002B7FF47EAF94F8AC
:107450002830D8067FF479AF94F83030002BCCD0A8
:10746000C2B9618D94F838308B42DDD0C9B2204664
:1074700006F0C0F8054600287FF469AF628D8242AD
:1074800014BF0223012384F830300521204606F082
:10749000CCFBC9E7D2B2204606F0A5F80028E0D11F
:1074A000ABE702F01F02012A7FF44FAFE38D002B00
:1074B0007FF44BAF628DFF2A3FF647AFA18DFF29C6
:1074C0003FF643AF94F83030022B96D1D2B2C9B216
:1074D000204606F09BFA054639E7E38D002B7FF442
:1074E00034AF94F83030002B87D0012BA18D01D11F
:1074F000002982D112F01F0216D0022A94D1B4F8CA
:107500002A90B9F1000F8FD15FFA81F841462046E9
:1075100006F06FFB421C05463FF419AF4A46414650
:10752000204605F008FE12E700297FF466AF638D60
:10753000012B7FF479AF94F86C3061F3C30384F8C6
:107540006C3071E7E38D002B7FF4FFAE618DA38D6E
:1075500002295FFA83F811D102F01F0258EA0202F1
:107560007FF4F3AEA0690122190A05F01DFE002880
:107570007FF4EBAE012384F8393055E794F83000FE
:1075800000283FF43AAF012802D1002B7FF435AF39
:1075900012F01F020FD0022A7FF446AF00297FF4B9
:1075A00043AF4146204606F00FFB431C05463FF41F
:1075B000CEAE0122B3E7002B7FF41FAF01297FF489
:1075C00033AF94F86C3043F00803B8E70A2B65D862
:1075D000DFE813F00B0064006400640064006400E2
:1075E0003D006400000264001502E38D022B55D1BA
:1075F00094F83030002B51D0012BA18D01D10029FE
:107600004CD112F01F020FD0022A1AD04FF00008FE
:107610000221204606F077FA054618B141460C30A3
:1076200005F0CFFB0395FFE6002937D194F86C30C5
:107630004FEA930808F00208C3F3001348EA03086E
:10764000E6E7C9B2204606F0E3FA8046E0E7D50651
:1076500007D0002308A92046089305F0E4FD089D03
:10766000E0E7638DDDB21B0A013B0E2B16D8DFE885
:1076700013F00F0034009A001500150096009600D4
:107680001500150015001500150015001500310135
:10769000204605F0C8FB18B101281BD00025C1E722
:1076A000D4F87080B8F1000FF8D0B4F82E9098F8A4
:1076B0000030994528BF99464946204606F023FAEE
:1076C00005460028AED04A46414605F10C0005F0BB
:1076D00067FBA7E7D4F87480E4E7204605F0A3FB36
:1076E0006A1C01468246D2B2204605F056FF80460B
:1076F0000028D3D0D0F804B0E18DBBF80230994215
:1077000028BF1946204606F0FEF905460028C5D0D8
:10771000038A428A4169D21AC3685B1AD21A9BF85B
:10772000003000F10C099A4228BF1A4659464846D3
:1077300005F036FBD8F80C80B8F1000F25D0D8F84A
:10774000040083681B6B13B9D8F80080F4E7514636
:1077500098470028F8D0A0F1040B5BF8041F00291B
:10776000F2D008780028EFD06A8A2B8AA2EB030CAB
:107770006A69EB689B1AACEB0302904294BF024625
:1077800092B2484605F00CFBE7E7298AE38D99425F
:107790007FF648AFC91A484605F01DFB42E7204670
:1077A00005F041FB7AE72A460321204605F018FC44
:1077B000054600283FF472AF05F0B0FCB4F82EA0E7
:1077C0006B7DB8B995F814808DF820808DF8213044
:1077D0002B69D04528BFD0461B88ADF822304146E2
:1077E000204606F090F9054600283FF457AF424680
:1077F00008A96AE78DF809306B7A4FF00008032B6F
:107800008DF8088056D1AB7A980753D510210DEB2F
:10781000010007F084FA031EFFF640AF08A8102B02
:10782000DFF8D4C204A94546814628BF1023AB42E5
:1078300030D89B000233DBB28DF80830534528BFA7
:10784000534619462046984606F05DF9054600283D
:107850003FF424AFB8F1020FC34600F10C0A28BF71
:107860004FF0020B5A46A8EB0B0802A9504605F050
:1078700097FACB464FEA580309EB580293451FD1BC
:1078800018F0010F3FF4CEAE19F80310504605F082
:1078900090FAC7E611F8012B4FEA121E02F00F0210
:1078A0001CF80EE000F802EB1CF8022000F8012C96
:1078B0000135BCE72B7DD5F810908DF80830BDE779
:1078C0001BF8011B5046CDE9002305F07AFADDE9EB
:1078D0000023D3E7204605F0A6FA20B101287FF463
:1078E000DDAE636F00E0236F002B3FF4D7AE5B8803
:1078F000B3F5007F7FF6D2AE804B089300238DF85E
:107900002430E36C04F14C0A9A4560D1BDF8228022
:10791000E38D984528BF98464146204606F0F3F887
:10792000054600283FF4BAAE9DF8202000F10C0B6C
:10793000424528BF424608A9584605F031FA9DF84D
:107940002030434594BFA8EB0308A8EB0808B8F122
:10795000000F3FF467AED4F84C90D1453FF462AECF
:10796000B9F1000F3FF45EAE99F815300F2B15D129
:1079700099F81420D9F81010424528BF42465846BD
:1079800005F00EFA99F81430434594BFA8EB0308AC
:10799000A8EB0808B8F1000F3FF444AE236D9945F9
:1079A0003FF440AED9F80090DAE75A7D0F2A0AD1A9
:1079B0001A7DBDF822100A44ADF822209DF824203B
:1079C00001328DF82420226D9A429FD01B68002B33
:1079D000EBD19BE794F83030002B3FF45FAEE18DA4
:1079E00001297FF45BAE94F83880204606F08BF8CE
:1079F000054600283FF416AE41460C3047E702F03A
:107A00001F02012A7FF44AAE204605F0DAFD002865
:107A10003FF444AEA38DFF2B3FF640AE426812798F
:107A20009A42FFF43BAEDAB20F2A3FF637AEE18D51
:107A300001297FF433AE234493F83A80D5E703A9B4
:107A4000204605F0F0FB46E505F077F90568002DC6
:107A50007FF486AC737EE28DD90713D5384605F0E6
:107A600063FB78B97AB12946A06906F018FF014690
:107A7000039000283FF477AC204611B0BDE8F04FEA
:107A800006F046B83AB9204605F065FB00287FF4B9
:107A90006AACFFF7F5BB384605F046FB039D18B905
:107AA0002846FFF783FBEEE7002D3FF45CAC294648
:107AB000204606F02DF810B12846FFF7FCBBA06960
:107AC000036993F8801011F004017FF4D9AB06F03C
:107AD000FAFE054600283FF446AC0146204606F073
:107AE00017F800283FF4CCABE6E780214CE46FF0B8
:107AF0000408FFF7D3BB00BFE50C0300050F05002A
:107B00000B78062B10B410D10369D3F89C20EFF347
:107B10001184202383F312884B6800201860506A78
:107B200048B9C2E9083384F31188044810BC002224
:107B3000002307F031BF03605362F4E7D003002055
:107B40002DE9FF4120274FF0FF3358484FF0FF3217
:107B500001A902F067FF039B1B69D3F89C40236ACD
:107B60003BB1EFF3118387F31288216AD1B983F314
:107B700011889DF80430062BE5D0072BE3D801A22D
:107B800052F823F0D97B0200CD7B0200F97B020082
:107B9000DF7B02001D7C0200137C0200477B020099
:107BA000A77C0200606A0A682262814208BF6262A2
:107BB00083F311880B7ED1F81E205D06204602D18A
:107BC000FFF746FBCBE705F0F7FDC8E700220121F0
:107BD000204606F02AF8B6E700221146F8E794F8A6
:107BE0006C3043F0040301A984F86C30204605F0A2
:107BF0007CFB00220321EBE794F86C3023F00403B4
:107C000001A984F86C30204605F06FFB00220221A8
:107C1000DEE701A9204605F068FB94E794F86C3094
:107C2000A66923F0040384F86C30D6F80880336921
:107C3000BFF35B8FD3F8A030BFF35B8F9A072FD5CC
:107C4000D8F83C3030469847D8F8243000213046E8
:107C50009847D8F84030054630469847ADB9294690
:107C6000204605F0C7FC054678B9A06906F04AFE33
:107C7000831E5842584194F86C3084F8305023F0F9
:107C8000680343EA401384F86C3000220421204644
:107C900005F0CBFF002D3FF456AF2A46072197E7AA
:107CA0004FF0FF35F1E7029A062191E7D00300205B
:107CB00030B589B000220023CDE9062300246FF0FF
:107CC0000703CDE90334CDE901441A4B1A49009466
:107CD0004FF48062194803F07DFB1949174807F0FB
:107CE0008DFF184B18498B4207D3184B18490020B9
:107CF0008B4210D3002009B030BD03F11402BFF352
:107D00005B8F52E8000F42E80045002DF9D1BFF328
:107D10005B8F1833E7E703F11402BFF35B8F52E880
:107D2000004F42E80005002DF9D1BFF35B8F1833F7
:107D3000DEE700BF417B020000110020F8040020B4
:107D4000590B0300E0040020F8040020F804002090
:107D5000F804002038B5024609490546806906F056
:107D600036FE044648B985F83800284605F014FB6D
:107D7000044610B1A86906F059FE204638BD00BF80
:107D8000017B020070B5084C084D0646AC4202D398
:107D90000024204670BD636830461968FEF7B0F9CC
:107DA0000028F6D01834F1E7E0040020F8040020A1
:107DB00070B50646EFF31181202282F31288194C28
:107DC000236881F311885B6893F86C30DB0705D476
:107DD000BDE870402122002303F03CBAEFF3118389
:107DE00082F31288256855B983F311882368C3B1DB
:107DF00030460022BDE87040002303F0F7B9616807
:107E00002A6822608D4208BF626083F31188686827
:107E100005F10801C36998470348294607F072FD38
:107E2000E4E770BD28090020A003002030B585B02C
:107E3000CDE90012054600221248002303A902F0F2
:107E400065FD0246C0B9DDE90001039BC3E90201FB
:107E50005D60EFF31180202383F31288039B1A6087
:107E6000094A516851B9C2E9003380F311880748C3
:107E70000022002303F0BAF905B030BD0B60536057
:107E8000F3E700BFA0030020280900200000002025
:107E900038B504690C49636C0025C3E90155DD6000
:107EA00004F1500007F099FE04F18000074907F043
:107EB0008CFE074904F1280007F087FE204605F0F4
:107EC000D7FE284638BD00BFA1DE0200E1DF020078
:107ED00021E1020073B504698DF807102025EFF346
:107EE000118685F312880122606C0DF1070104F000
:107EF00087FE86F31188012810D007F079FEB8B10B
:107F00000F4BBFF35B8F012253E8001F002903D101
:107F100043E800200028F7D1BFF35B8F237F2BB10C
:107F20002122002304F1500003F060F902B070BD7B
:107F3000A37E002BE4D02120002103F0CDFCCEE76E
:107F400030090020F8B586681446F36B05460F46E5
:107F500098472146064800220023FFF7B1F804465F
:107F600000B107762846336C98472046F8BD00BF1D
:107F70004004002010F0080F0B4B42B20CD100F06F
:107F80000F00002A4FF0140202FB0033B4BFD3F8F5
:107F90000806D3F808077047002AB4BFD3F8A8062C
:107FA000D3F8A807704700BF0070024070B50146C3
:107FB000EFF31184202383F3128800F0080506F004
:107FC0006EFD01234E0603FA00F31ED0EDB9184EE4
:107FD000326822FA00F0C00717D522EA03023260A5
:107FE0004AB2AA4221F08000B4BF0022012200F26E
:107FF000DA30120102EB40020E48C0F80028D0F837
:10800000042842F00202C0F804280B48026822EA61
:108010000302026035B909480268090654BF9A4351
:108020001A430260034AC2F86C3484F3118870BDAD
:10803000880D0020007002408C0D0020900D002063
:10804000EFF31180202383F31288094BD3F8001C2F
:10805000032251B949F27531C3F8001CC3F8142D3D
:10806000C3F8001C80F311887047C3F8142DF9E79A
:1080700000E00640EFF31180202383F31288094BC0
:10808000D3F8001C51B949F27532C3F8002CC3F87B
:10809000141DC3F8002C80F3118870470022C3F828
:1080A000142DF8E700E0064070B5044606F0F7FC32
:1080B000EFF31186202383F31288631E0122062B1F
:1080C00002FA00F210D80E4D0E4B29681B680B43C4
:1080D00023FA00F010F0010006D10B4B04F5947464
:1080E000114343F82400296008490B6813430B60CF
:1080F000074B8022C3F8042186F3118870BD00BFAE
:10810000880D0020900D0020007002408C0D002092
:1081100000E100E0F8B510F0880704461CD100F03B
:108120000F02920002F1804202F51C32D2F8443470
:1081300093B1EFF31186202383F3128806F0AFFC8E
:10814000074DC2F8A074012303FA00F12B6823EA5B
:1081500001032B6086F31188024BC3F81845F8BD64
:10816000900D00200070024010B591F91800154BD9
:108170000A7E0028B4BFD3F81045D3F8144502F0A6
:108180000F020123934023420DD10E4A0028B5BFB0
:10819000D2F81005D2F8140503430343B4BFC2F864
:1081A0001035C2F814350B7E1A0709D4054AC2F8F7
:1081B0000C3543F48073C2F80C35087EFFF7AAFF34
:1081C000002010BD007002400B7E064A13F07F0FA6
:1081D0000BBF012343F480735365C2F818350020A8
:1081E000704700BF0070024070B506460D4606F0AD
:1081F000EFF8044606F0F8F828BB204606F016F91A
:1082000008B3802D16D1437E9A0744BF0E4A1570DD
:108210005B070FD50D4B1B7813B90D4B01221A6567
:10822000204606F0FFF8002201463046BDE87040C7
:1082300006F015B92846FFF737FF20460121BDE8B3
:10824000704006F0D3B870BDD3100020D8100020C5
:108250000070024038B50C4606F0BAF8054606F044
:10826000C3F8B8B9284606F0E1F898B14CB9437E96
:10827000DA070FD49B0704D5074B1C70074B01226C
:10828000DA642046FFF710FF28460121BDE8384098
:1082900006F0ACB838BD00BFD3100020007002401B
:1082A00010B50D4B44681B782BB10C4B002218689D
:1082B000114606F0C8F8002201212720FEF73CFCF9
:1082C000201D02F0DDF804F1080002F017F907F0B4
:1082D00064FA002010BD00BFD5100020940D0020CE
:1082E000012810B5014619D0022809D0A8B90F4BB2
:1082F0000246186806F0A7F80D4B01221A700CE030
:108300000C4B0D4C00221A700C4BC4F80033272084
:10831000FEF7E2FB0123C4F8043510BD034B002235
:10832000186806F090F8024B0022E7E7940D002051
:10833000D5100020D410002000700240FDFFDF01A6
:108340000146014807F01DBE0804002008B5054B92
:108350001970054B1B7813B10420FFF7F1FF0020C3
:1083600008BD00BFD6100020D710002010B504694A
:10837000087E0D4A06F093FB012303FA00F0136810
:108380000343136003F002FB4020FFF7D9FF4FF0D7
:10839000FF324FF0FF3304F18401044802F094FFF0
:1083A00003F004FB002010BD840D00201404002005
:1083B0002DE9F041454B066988B00546186006F185
:1083C000840007F0F8FA00220023CDE906230024F8
:1083D0006FF00703CDE90334CDE901443C4B3D493F
:1083E00000954FF400723C4802F0F4FF3B4F3C49CB
:1083F000394807F003FC3A693A4B134043F48203CF
:1084000043F040033B61B8463C763946284605F0C8
:10841000EFFF002856D10134092C1BD008EB441281
:10842000082C937C43F0400307F12007937408D194
:10843000D8F810312C4A1A402C4B1343C8F810318D
:10844000E2E711692A4B0B4043F4C02343F0400399
:108450001361D9E7274C284B2269134043F40413D6
:1084600043F0400323610746A04667F07F0323766D
:108470002146284605F0BCFF20BB0137092F1BD041
:1084800008EB4712082F937C43F0200304F12004EB
:10849000937408D1D8F81031134A1A40134B134380
:1084A000C8F81031E1E71169114B0B4043F4C023C8
:1084B00043F040031361D8E796F8803043F0760329
:1084C00086F8803008B0BDE8F08100BF940D002030
:1084D000A58502004015002090050020B80E002060
:1084E000710B03000000BEFF0000F7FFFF01080052
:1084F0000000F9FF980D00200000DEFF10B50C46CB
:108500002046114605F094FF207E06F0C8FA014689
:10851000034806F0D3FA0120FFF712FF002010BD38
:10852000DC0F002008B5064A0B7EC2F80C3543F478
:108530008073C2F80C35087EFFF7ECFD002008BD03
:108540000070024010B50C7E4FF0FF324FF0FF3349
:10855000114802F05BFC2046FFF728FD04F00F03F2
:1085600001229A400D4B14F0800F15BFD3F810155F
:10857000D3F8141521EA020221EA020214BFC3F85B
:108580001025C3F81425044802F00EFC044B802289
:10859000C3F80421002010BDF80300200070024041
:1085A00000E100E02DE9F04FC04D85B004464FF0EA
:1085B000FF384FF0FF390022CDE900894FF0FF313D
:1085C000BB4807F0E5FCBA484FF0FF3107F0DCFC90
:1085D000074638072AD5B74842464B4602F016FCF4
:1085E000EFF31182202383F31288B34B1B787BB106
:1085F000D5F8003413F400730AD10121C5F82C1505
:10860000D5F82C15D5F80014890548BFC5F82C35C8
:1086100082F31188A74802F0C7FB0121204605F02C
:10862000B7FE00220321204605F00DFFFE0608D507
:108630000021204605F0ACFE00220221204605F074
:1086400002FFB80608D50021204605F0A1FE002251
:108650000221204605F0F7FEB9075BD4FA0710D5D2
:10866000BFF35B8F954B002253E8008F43E8002156
:108670000029F9D1BFF35B8F0126B8F1000F40F05C
:108680009B8079072ED5D5F88004C0B28DF80800FC
:10869000D5F88414C9B28DF80910D5F88824D5F816
:1086A0008C3442EA0322ADF80A20D5F89034D5F88C
:1086B000946443EA0623ADF80C30D5F89834D5F825
:1086C0009C6443EA06239BB27D4EADF80E30002831
:1086D00040F08A80052940F0878001213170002B0D
:1086E00000F08E807B067FF562AF206984304FF00A
:1086F000FF324FF0FF3302F0F5F9724F3E68002E63
:1087000040F09780704802F0ABFD2069843002F0A1
:1087100089FA4CE76D4BBFF35B8F002253E8008F63
:1087200043E800210029F9D1BFF35B8F4FF0010925
:10873000B8F1000F92D098FAA8F3B3FA83F30F2B95
:10874000CABFA3F1100643F08006F6B209FA03F39C
:1087500028EA030833063146204618D505F038FECE
:10876000834605F05FFE824660B10021584605F061
:108770003DFE00225146204605F071FE802E08BFC6
:10878000C5F8509031462046FFF72EFDD0E705F0A2
:108790001FFE834605F046FE824640B10021584642
:1087A00005F024FE00225146204605F058FE3146D1
:1087B0002046FFF74FFDBBE798FAA8F3B3FA83F31F
:1087C0000F2BCABFA3F1100143F08001C9B206FA12
:1087D00003F30A0628EA0308204602D5FFF704FD42
:1087E0004BE7FFF737FD48E7394900233370D5F8E9
:1087F0007024097891420AD1364B00221A7013E096
:1088000002F07F02ADF80A20ADF80C30F4E73149F0
:1088100001220A7032704FF4A062ADF80820D5F83A
:108820007024ADF80A20039302A9204605F03EFE0D
:1088300058E796FAA6F6B6FA86F60F2EC6BFA6F148
:108840001001C9B246F08001204605F0C1FD804606
:1088500090F818904FF0FF324FF0FF33154802F0B8
:10886000D5FA4846FFF7A2FB124802F09DFA1A4BD0
:108870008022C3F804214146204605F008FE00216D
:10888000404605F0B3FDBFF35B8F0123B3400F4AB1
:10889000DB4352E8000F184042E800010029F8D1FC
:1088A000BFF35B8F3A6813403B6027E700700240DC
:1088B00008040020F8030020D4100020DC0F002062
:1088C000D8100020840D002014040020D80F0020B0
:1088D000D6100020D710002000E100E04FF08053B8
:1088E000D3F83031082B02BF024B0022C3F81C2CF6
:1088F000704700BF007002402DE9F8430646476804
:108900004FF0FF324FF0FF33364802F07FFA364B1C
:108910008022C3F884212720FEF700F9B8B1DFF8E0
:10892000CC80334BD8F800401B686FF30F041C4316
:108930004FF0010994BB2F4D40F2FF13C8F80030EF
:108940002720C5F80445FEF7D5F8C5F800432A4AA4
:1089500013788BB1274B0021C3F808110121C3F80C
:108960000026C3F804165960D3F808110029FBD07B
:108970000021C3F8081111701E4B0024C3F80045F4
:10898000FFF7ACFF174802F00FFA2146304605F01A
:1089900075FEB8B16FF00400BDE8F88394FAA4F551
:1089A000B5FA85F50F2DC6BFA5F11000C0B245F090
:1089B0008000030701D4FFF7F9FA09FA05F524EA64
:1089C0000504B7E78021304605F058FE014600282F
:1089D000E0D138688268546A084AA04700EAE0702B
:1089E000DAE700BFF803002000E100E0900D00206E
:1089F0008C0D002000700240D1100020340D0020AA
:108A00002DE9F04FAA4BDFF8AC82D3F85421AA4FDE
:108A100085B00AB30022C3F85421D3F8042391028D
:108A20001AD5D3F8C034002B14BF4FF001224FF4F5
:108A30008072A24B9B683BB998F8000006F02FF8B3
:108A40000123834022EA03023B6813439C4A3B60B4
:108A5000136823F001231360954BD3F8604134B1C0
:108A60000022C3F86021D3F86C44C3F86C44D3F8F7
:108A700028214AB10022C3F82821924B187806F029
:108A80000EF8012383401C4398F8005098F90060C9
:108A90002A0700F10681002EB4BF8B4B8B4B05F0EB
:108AA0000F029200D3181A684AB300221A602846AF
:108AB000FFF760FA864B1A7800F0010050401870FA
:108AC000FFF70CFF834B28461A6805F0E8FFC24009
:108AD000D307814600F11981002E80F20781882D8D
:108AE00000F00481764A0123116803FA09F30B436D
:108AF0001360812388F80030704802F055F98CB17A
:108B00003B686F4ADFF8D0A124F001210B433B60A2
:108B1000136823EA01031360A4B24FF00109002C8B
:108B200040F0F980624BD3F800214AB1C3F800410C
:108B30006A4B1C70684B22461868042105F083FCC0
:108B40005B4BD3F858212AB30022C3F85821D3F83D
:108B50000044C3F80044E00505D5604B012208201D
:108B60001A70FFF7EDFBA10505D55C4B0022102024
:108B70001A70FFF7E5FB62050CD5584B1A784AB11D
:108B800000221A704A4B0122C3F8082520209A655A
:108B9000FFF7D6FB464BDFF83CA1D3F85C31F3B1CD
:108BA000464B9B681BB998F800305B0617D0404BCA
:108BB0000022C3F85C21DAF80030414A23F00113A7
:108BC000CAF800303B6823F4803343F001033B6074
:108BD0001368042023F001131360FFF7B1FBDAF8E8
:108BE00000603B681E4000F02981314BD3F82C9582
:108BF000B9F1000F40F0228130480022002302F03A
:108C000005F9002840F01A8116F0012318BF1E460E
:108C100096FAA6F6B6FA86F60F2EC8BFA6F110058C
:108C20002D4BCCBFEDB246F080051868294605F003
:108C3000CFFB019005F0FAFB4FFA85FB05F0080326
:108C4000BBF1000F0246029380F29980019A048AD8
:108C5000528BC368C2F30A02944200F28D800193E2
:108C600005F0E8FB019B80F001095FFA89F92246D3
:108C7000144603F06042B2F1005F05D0194618486F
:108C8000224607F097F9164BB9F1000F00F0A880C3
:108C9000DAF800200121B14022EA0102CAF80020DE
:108CA0009EE0104B104A33EA260328BF1346FAE62B
:108CB00000700240D2100020900D0020F803002028
:108CC000880D0020D310002008710240307102404E
:108CD000D11000208C0D0020940D0020D410002015
:108CE000440D0020507102402C7102405F484946FB
:108CF00005F0E4FE0220FFF723FB002EFFF6F2AEA4
:108D0000013D062D7FF6EEAEF3E6002DF5D1584B72
:108D10000122DA64EDE694FAA4F5B5FA85F509FACC
:108D200005F345F080052946DAF8000024EA03043B
:108D300005F04EFB05F07AFB06462846FFF71AF9C8
:108D4000014606F10C0004F04DF8338A002B7FF445
:108D5000E6AE304605F06EFB18B1304605F06EFB0E
:108D6000DDE6284605F09BFE0146404805F0A6FEDC
:108D70000220FFF7E5FAD2E64FF0000978E705F0A8
:108D800008013B4B00295CD0D3F8C03413F4803F7A
:108D900008BF9946118AD068548A02924318641A0F
:108DA00051690393401A241A4C4528BF4C4621466A
:108DB00002F10C0003F0EEFF019B598BC1F30A0195
:108DC0004945DDE902237FF463AF5169D068B2F809
:108DD00012C0128A401AACEB000191423FF458AF26
:108DE0004FF080520120D2F83021082A02BF204AD9
:108DF0008221C2F81C1C3A6888F8005000FA06F676
:108E000022EA060205F008013A60194AF1B98B45D9
:108E100005F00F054FF0140101FB0521A9BF0A352C
:108E200002EB8502C1F80037C1F80447AFBF42F832
:108E30002500C1F80036C1F80446506005B0BDE811
:108E4000F08F05F5947153F82190A3E7BBF1000F63
:108E5000B5BFC2F8A036C2F8A037C2F8A446C2F81F
:108E6000A447B4BF50629064E8E700BFD80F002069
:108E700000700240EFF31183202282F31288154A1A
:108E800012780AB3144AD2F82C15E9B10021C2F8BD
:108E90002C154FF08052D2F83021082A03D083F3EA
:108EA0001188002070470D4AD2F8000CC02140B94B
:108EB00049F27530C2F8000CC2F8141CC2F8000C5C
:108EC000EDE7C2F8141CEAE783F311886FF00A009B
:108ED000704700BFD41000200070024000E0064040
:108EE00037B500224568009211464023044605F03C
:108EF00076FB024618B16FF0040003B030BD00905D
:108F000080214023204605F06AFB01460028F2D16B
:108F10004D4A01235060D060936028688368DB6904
:108F200098470028E9DBEFF31184202383F31288AC
:108F3000464B4FF40062C3F8002405F0A2FD08B1CF
:108F4000FFF77EF84FF08053D3F83031082B14D15F
:108F5000EFF31180202383F312883D4BD3F8001CDC
:108F6000C022002969D149F27531C3F8001CC3F849
:108F7000142CC3F8001C80F31188344B0122C3F871
:108F80000025D3F800241205FBD54FF40062C3F886
:108F900000244FF08053D3F83031082B13D1EFF376
:108FA0001180202383F31288294BD3F8001C002959
:108FB00046D149F27532C3F8002CC3F8141CC3F82B
:108FC000002C80F3118805F05CFD30B1FFF752F8FA
:108FD00005F057FD08B1FFF733F84FF08053D3F891
:108FE0003031082B194B0AD140F2E372C3F8002844
:108FF0004022C3F80428BFF36F8FBFF34F8F802246
:10900000C3F81C250122C3F83025124B40F2FF1291
:109010001A60114B00211960104B1960104B197028
:10902000FFF75CFC0F4B197005F02BFD08B1FFF743
:1090300021F884F3118800205FE7C3F8142C9AE725
:109040000022C3F8142CBCE7340D0020007002404D
:1090500000E00640900D00208C0D0020880D0020BF
:10906000D1100020D310002038B501F051FA044C83
:10907000044DAC4200D338BD54F8043B9847F8E7A0
:10908000081203001012030010B5074B1C7854B9E6
:109090002046012122461970FDF74EFD2046BDE80D
:1090A0001040FDF719BD10BDD91000201FB50022DA
:1090B0000123CDE902230949CDF800D080236A4677
:1090C000CDF804D005F06AFD28B94FF480420023A2
:1090D000684601F09BFE04B010BD00BF7BEB0200B0
:1090E00070B50A4605460C4650F8040C0549402365
:1090F00005F054FD014620B128462346BDE87040E6
:10910000184770BD35EB0200024B0122C3F88021E5
:10911000704700BF00E100E010B503690446186025
:10912000FFF7B2FF20690549043003F068FC00280E
:10913000A1BF236901229A62002010BDA40503008B
:1091400010B5EFF31184202383F31288054A1368C6
:1091500023F00201DB07116001D406F03AF884F332
:10916000118810BD0C10002010B50446054800F011
:1091700023FF20B92046BDE81040FFF7CDBF6FF0B8
:10918000040010BD89910200034B9B6A5B0702D16A
:10919000024805F055BD7047E00F00203001030084
:1091A00010B5EFF31184202383F312880F4A13685C
:1091B00043F002011160DA0705D484F31188BDE899
:1091C000104000F00DBF4FF08043D3F80C24D3F8CB
:1091D0000C34DB07F1D5064805F0D2FC84F3118886
:1091E0000448BDE8104005F02BBD00BF0C10002066
:1091F000081000203001030010B50446054800F0B7
:109200002BFF20B92046BDE81040FFF785BF6FF067
:10921000040010BD19920200012802D1014805F096
:109220000FBD70474C0103002DE9F0413549BFF3F4
:109230005B8F0746012251E8003F41E800200028EB
:10924000F9D1BFF35B8F33B92F4930484B60CB6006
:109250008A6003F0E7FB7B1E012B46D8012F07D164
:109260004FF08043D3F81C3403F00303012B3CD0B0
:1092700006F0BEFC054650B1EFF31186202383F3C0
:10928000128801254FF080444FF001081EE0204B6A
:109290001B78002BF0D04FF080430222C3F8082344
:1092A0000646EFE71DB3304603F01EFDD4F818352F
:1092B00063B9D4F804214AB1C4F80431D4F80431B4
:1092C000C4F81885FFF720FFC4F80880D4F81824E4
:1092D000D4F81834D20303F00303E3D5012B01D0F3
:1092E000012FDFD145B186F31188BDE8F08121203F
:1092F000002102F0F1FAD9E74FF080430222C3F8CF
:109300000423F2E720100020101000202810002075
:10931000FD10002008B5074806F069FA38B1064884
:10932000FDF764FE0448FCF7C3FF002008BD6FF0A2
:109330001200FBE7A00103003D9302000A2838B5A4
:10934000074D044604D1AB680D215B682846984759
:10935000AB6803485B68E1B29847204638BD00BF60
:10936000A00103002DE9F043144640F20636476899
:1093700087B0E00604EA060654BFC4F3401C4FF071
:10938000030CB6F5837F3A7C8DF803C048D00DD826
:10939000062E16D005D8A6B1022E43D06FF01500C8
:1093A0003BE0B6F5807FF9D101260AE040F20220C9
:1093B000864239D0B6F5407F38D0B6F5007FEDD182
:1093C000022601F01F0545EA4215220330D57A68CE
:1093D00001238B40C2F80835B868A0BB05F01F0315
:1093E0006D092DD0012D77D13E4A02EB8302C4F3E3
:1093F0000043D2F8001783F00103C4F3404444EA69
:10940000430421F4E16144EA8C0421F0070144EAB9
:1094100006230B43C2F80037002007B0BDE8F083F5
:109420000726CEE70426CCE70526CAE70326C8E7C9
:10943000630341BF01237A688B40C2F80C35CBE748
:109440004FF0A042D1E70DF10202294606F00FF9D4
:1094500014F4403F80460CD1B868294606F03CF928
:10946000B8F1000FD8D19DF80210B86800F00EFFD7
:10947000D2E74FF0000901ABCDE90199CDE90439FC
:10948000CDF80C90B86803AA294605F0C8FF4845F6
:10949000C2DB14F4003314D0C4F300449DF803304D
:1094A0008DF80E3084F001048DF80C608DF80D40BD
:1094B000B8684B4603AA294606F062F80028CFDABE
:1094C000AAE7CDE904330DF103030393B86803AAB7
:1094D000294605F0A4FFF1E703F5E07350F82330C7
:1094E000FFDE00BF00030050430970B502D0012B1E
:1094F00017D070BD0D4E336959680029F9D000F0BE
:109500001F0301250C689D400029F2D08A682A407B
:1095100002D04B68304698472CB1236821461C4640
:10952000F2E7034EE7E72346F8E700BF84010300B4
:109530006801030038B54568A86890B106F0C6F820
:10954000014670B9A86806F0A5F8044658B9024665
:109550000649A86806F088F8224605210620FDF78E
:10956000EBFA002038BD6FF00400FBE7E99402003D
:1095700070B54468A06886B0002872D0267C01F0DF
:109580001F05B2F5001F45EA461504D1294606F02D
:10959000F7F8002056E06068667CC0F8246501A8F2
:1095A0000026B2F5800F0196466037D1B3F1007FF7
:1095B00014BF052304238DF804300023CDE90403F0
:1095C0000393E36823FA01F111F001010DF10306A1
:1095D0003AD1B2F1A07F37D105F01F036A0903F534
:1095E000E07326D0012A3FD1214A52F82330DB070D
:1095F0002AD4A0683246294606F039F816301BD026
:109600000296A06803AA294605F009FF002819DB85
:10961000A0680122294606F061F8BAE7B3F1C06FED
:1096200005D0B3F1007F14BF01230223C3E7032356
:10963000C1E74FF0A042D8E7A068314600F02CFE09
:109640000028DDDA06B070BDA0683246294606F073
:109650000EF80028D5D19DF80310A06800F016FE82
:10966000CFE76FF08500EDE751F82330FFDE00BF54
:1096700000030050036803F01F025B09026004D07E
:10968000012B034818BF002070474FF0A0407047DF
:10969000000300502DE9F04FDFF854B185B01546B6
:1096A000074600EB810140F2FF1AB94203D10020C6
:1096B00005B0BDE8F08F3B68DA0A12F0080940F007
:1096C000918002F00F02C3F308041B0E1BF8026026
:1096D000544508BF4FF0FF34192B00F28680DFE8B5
:1096E00003F00D1E2534282F3484848484373D8470
:1096F000848484848484848440787B7EC5F80C458B
:10970000621C64D003A80394FFF7B4FF039B4FF0DF
:10971000010808FA03F3C0F80835424636E0C5F8F8
:109720001445631C53D04FF00008F6E7C5F8084510
:10973000E6E7C5F808454FF00008601C1CD146E07C
:10974000C5F80C454FF00108F7E7C5F81045E8E704
:10975000C5F80845002EE4D10626E2E7C5F80C4519
:10976000F8E7C5F860457B88621C03F001032ED042
:10977000002BC7D14FF0010803A80394FFF77AFF2D
:10978000039B012202FA03F3C0F80C353B680193F6
:1097900003F40040002803A80CBF91464FF00108D5
:1097A0000394FFF767FF039A019B00EB8200C3F36A
:1097B00041243302D0F8002743EA84030D4C43EAE6
:1097C00009031440234343EA4803C0F80037043731
:1097D0006BE7C5F86445C6E7C5F86845C3E7C5F853
:1097E0006C45C0E76FF0150062E76FF085005FE73A
:1097F000F60C0300F0F8FCFF2DE9F8430446466838
:10980000884606F0F5F968B14FF02009EFF31187AB
:109810003D4689F31288606805F050FB20BB87F352
:109820001188F3E71D4B1B78002BEDD04FF020097A
:109830006425606805F042FB60B9012005F069FC11
:10984000013DF6D12120002102F046F8F0E787F330
:109850001188F7E7EFF311873D4689F312886068B6
:1098600005F02CFB0028F2D0B36983F80080636810
:10987000B2691B680021C3F844250122C3F84825BA
:10988000C3F82011D3F82001C3F85811D3F85811A8
:109890009A6085F31188BDE8F88300BFFD100020B1
:1098A00070B5012383400E4ABFF35B8FDC4352E85F
:1098B000001F01EA040542E80056002EF7D1BFF36D
:1098C0005B8F4FF4803282400648C0F80823BFF314
:1098D0005F8FBFF36F8F0B4214BF0120002070BD5C
:1098E0006C1000200010014011B3BFF35B8F012307
:1098F000104A834052E800CF4CEA030C42E800C112
:109900000029F7D1BFF35B8F0B4A4FF480338340BC
:10991000C2F80433094BBFF35B8F1B68BFF35B8F47
:10992000C340DB0742BF064B4FF40032C3F80021AF
:10993000704700BF6C10002000100140681000202C
:1099400000E100E00D4B1868010A0006BFF35F8FCD
:109950000B4BD3F80435181841F10001B3F5801F03
:109960000AD2084BD3E90023904271EB030303D2E0
:1099700010F1807041F10001704700BF70100020AD
:1099800000100140500600202DE9F04F85B016462A
:109990001F469DF840A00446FFF782FF0290FFF7A4
:1099A000D1FFB04271EB07035FD23E4B301A67EB39
:1099B0000101984271F1000109D36FF015052046AD
:1099C0000299FFF791FF284605B0BDE8F08F364BAE
:1099D00003EB0413D3E902239F4208BF964255D0FC
:1099E000324D4FF4803909FA04F904F15001C5F8F9
:1099F00048932046890005F06EFB89B204F5A872F1
:109A000026F07F4B01F180410192294A01F588310E
:109A1000DC460323DDF804E02CF07F4045F82E00FF
:109A2000C5F84493D5F804856FF00200A0EB080058
:109A3000604420F07F40904228D9086870B1D5F882
:109A40000485A8EB0B0020F07F40B0F5000F1DD976
:109A50002046039305F03FFB039B154ABAF1000F24
:109A6000ABD103EB080C0133D4E7BAF1000FA4D15A
:109A70000123104ABFF35B8FA34052E8000F184345
:109A800042E800010029F8D1BFF35B8F06490E9828
:109A9000230101EB0412C8500F9B5360C2E9026717
:109AA00000258CE7010080004006002000100140E6
:109AB000FDFF7F006810002030B5124B124CD3E937
:109AC0000023D4E90014521843EB040312180F4882
:109AD000D0E9001043F10003551A63EB0004B5F51B
:109AE000000F74F1000485B003D3094A8A1840F1CD
:109AF0000003084900910020CDE90100FFF744FF71
:109B000005B030BD300600202806002038060020B1
:109B1000FFFF7F00199B020022F07F42F8B5A2F5FB
:109B20000013B3F5400F09D2184B1B681C0A1B0623
:109B30009818174B44F10001C3E90001EFF31186B7
:109B4000202383F31288134DD5E90074FFF7FAFE42
:109B5000C31B61EB0404C5E900010F49D1E90020F2
:109B6000D21844EB0000C1E900200C4A002000217B
:109B7000C2E90001002C08BF1846314618BF4FF05B
:109B8000FF30BDE8F84002F0C9B800BF70100020F7
:109B9000500600203806002030060020280600204D
:109BA00038B5224C224BC4F80833C4F84833214B53
:109BB00000224FF0FF304FF0FF31C4F80825C3E911
:109BC00002014FF48033C4F804330223C4F8043391
:109BD000194B4FF40031C3F8801111200121FCF71B
:109BE000ABFF1120FCF778FFD4F8043523B1012333
:109BF000A3602E2005F0DFFD0125104B25601D60C0
:109C0000FFF7A0FE0E4BC3E900010E4BC3E90001B4
:109C10000D4B00210020C3E900012846FFF74CFF4F
:109C20000220FFF701FB002038BD00BF00100140FB
:109C300003000F004006002000E100E06C1000204F
:109C40003006002038060020280600202DE9F341C8
:109C50002E4CD4F8043399070BD5D4F8043143B112
:109C60002B4A0023C4F80431D4F8043113680133BB
:109C70001360D4F80433DA0341D5BFF35B8F254B6F
:109C800053E8002F22F0010143E800100028F7D12B
:109C9000BFF35B8FD3072ED50025C4F84051D4F80D
:109CA0004031FFF74FFEEFF31182202383F3128838
:109CB000194BD3E90267B042B94123D34FF0FF30CB
:109CC0004FF0FF31C3E90201D3E9008C1D604FF46E
:109CD0008033C4F84833C4F84051D4F8403182F39B
:109CE0001188B8F1000F0AD0CDF800C032463B46CB
:109CF0002846C04703E0D4F84031002BCCD102B055
:109D0000BDE8F08182F31188F9E700BF001001403F
:109D100070100020681000204006002038B5084B65
:109D2000D3E90045FFF70EFE064A041B61EB05016F
:109D3000C2E9004100290CBF20464FF0FF3038BD7A
:109D40003806002028060020BFF34F8F0549064B38
:109D5000CA6802F4E0621343CB60BFF34F8F00BFC9
:109D6000FDE700BF00ED00E00400FA05024AD2F86A
:109D70000034002BFBD0704700E0014010B54FF0DD
:109D80008053D3F83021082A4ED14FF08042002171
:109D9000C2F80C11C2F81011C2F8381502F5404291
:109DA000D3F80414C2F82015D3F80814C2F8241507
:109DB000D3F80C14C2F82815D3F81014C2F82C15D7
:109DC000D3F81414C2F83015D3F81814C2F83415A7
:109DD000D3F81C14C2F84015D3F82014C2F8441567
:109DE000D3F82414C2F84815D3F82814C2F84C1537
:109DF000D3F82C14C2F85015D3F83014C2F8541507
:109E0000D3F83414C2F86015D3F83814C2F86415C6
:109E1000D3F83C14C2F86815D3F84014C2F86C1596
:109E2000D3F84434C2F8703505F063F918B13C4BEF
:109E30003C4AC3F88C2605F05CF918B13A4BFB227A
:109E4000C3F8182505F055F958B14FF080424FF08E
:109E50008051D2F8E43ED1F8581261F30303C2F8FE
:109E6000E43E05F046F920B1304B4FF40072C3F8E0
:109E700040264FF08053D3F83031082B17D14FF0E4
:109E80008043D3F80024D20744BF6FF00102C3F827
:109E900000244FF08053D3F83431042B81BF4FF0AE
:109EA0001023D3F808224FF08043C3F858254FF011
:109EB0001021D1F80C32DB0714D51D480123C0F85E
:109EC0000435FFF753FFD1F80C3223F00103C1F83A
:109ED0000C32FFF74BFF0023C0F80435FFF746FFB5
:109EE000FFF732FFD1F80032002B03DBD1F8043248
:109EF000002B14DA0E4901234FF01020C1F804356D
:109F00001224FFF733FFC0F80042FFF72FFFC0F81D
:109F10000442FFF72BFF0023C1F80435DEE710BD34
:109F2000005000404881030000F0004000900240D3
:109F300000E00140014B1860704700BF7410002022
:109F400010B5054B1868144605F0E5F80028A4BFC5
:109F50002070002010BD00BF74100020024A0123B1
:109F60008340C2F80435704700F0014038B54FF027
:109F700080440123C4F8083363600023C4F800312F
:109F8000D4F8003142F21075D4F80C24D4F80C3413
:109F9000D20307D5DB0705D5012005F0BAF8013D4E
:109FA000F2D138BD05F006F90028FAD0014B0022A5
:109FB0005A71F6E77810002010B508490C794CB9B1
:109FC000012308600B7105F0F5F808B9002010BDF9
:109FD0004C71FBE76FF07700F9E700BF78100020C5
:109FE0004FF080430022C3F80021D3F80021094933
:109FF00001221A60096811B1C3F804237047D3F82D
:10A000000021002AFBD00022C3F80021D3F8003140
:10A01000704700BF7810002010B54FF08043D3F890
:10A020000423D20715D5D3F8002192B10022C3F83A
:10A0300000210121D3F80021C3F8081305F0BAF874
:10A04000044B10B15A7922B95971BDE810401B6810
:10A05000184710BD78100020074A137943B9012131
:10A06000106011714FF080421846C2F818357047E1
:10A070006FF07700704700BF8010002010B54FF0E0
:10A0800080431D4CD3F81814D3F8182411F4803FE2
:10A090001AD002F00302012A01D092B900224FF037
:10A0A0008043C3F818250022C3F80421D3F8042103
:10A0B00001229A6022688AB9D3F80421002AFBD0D1
:10A0C00014E005F088F8E9E7D3F81424D107E5D5C2
:10A0D000D3F81C249207F4D422681AB10222C3F8E0
:10A0E000042310BDD3F80421002AFBD00022C3F8BA
:10A0F0000421D3F80431F4E780100020F8B54FF0C4
:10A100008043194FD3F80443012504F01A040026B4
:10A1100004B9F8BDB4FA84F0C0F11F00830003F560
:10A1200080739BB203F1804305FA00F2196892B282
:10A1300024EA02040029EBD01E601B684FF0804324
:10A14000022AC3F808230BD1D3F81814D3F8181433
:10A15000890705D1C3F81855C3F804239D60D7E7D4
:10A160003B68C0B29847D3E780100020036803F033
:10A170001F025B09026004D0012B034818BF0020B6
:10A1800070474FF0A040704700030050034A430956
:10A1900000F01F00D35C1844C0B27047FE0C0300EF
:10A1A00030B585B01A4C01910022217804AB03EB45
:10A1B000D10301F0070113F80C3CCB4013F001036D
:10A1C0000AD1531C022B04F101044FF00102ECD11F
:10A1D0000023184605B030BD4FF0A041029101F5B3
:10A1E0004071039102A951F82210D1F8205540F88E
:10A1F0002250C1F820554FF08055D5F83051082D28
:10A2000008BFD1F8201550F822100029D9D0E0E776
:10A210000E0D0300F7B504460846FFF7B7FF04EB41
:10A2200040060D46337DDB072AD5204605F0D5F8DC
:10A230002946204605F041F850B1204605F053F874
:10A24000276807EB80000023C0F81035C0F81035F0
:10A250002946204605F070F80021B18201A8019539
:10A26000FFF784FF019B00EB8300074BD0F800272A
:10A27000134043F00203C0F80037084603B0F0BDB6
:10A280006FF01500FAE700BFF0F8FCFF014804F09A
:10A2900060BF00BF1C03002010B504480C4604F04A
:10A2A0003AFF0028A4BF2070002010BD1C0300202E
:10A2B0002DE9F04F074689B057F8049B0090D9F874
:10A2C0000413C9B2082241F00041484605F05DF888
:10A2D000051E2FDA0023032106A8CDE90633FFF778
:10A2E0005FFF644B02930DF118084FF0000B029AC8
:10A2F000614912F8013B0292DA0803F007038A5C15
:10A3000022FA03F3DA071CD40BF10103022B08F144
:10A3100004084FF0010BEAD14FF0004100224846FB
:10A3200005F033F8032106A8FFF73AFF0028D8D13B
:10A3300025F000450124002D40F0848009B0BDE8DF
:10A34000F08F4E4B5B440393D8F80060002EDBD0B7
:10A35000039B96FAA6F61C78B6FA86F646EA4414EB
:10A360002046FFF713FF009BF20803EB400006F0C6
:10A370000706818A18F80200012303FA06F620EA8C
:10A38000060008F80200C1F3820A05A8CDF804A06F
:10A390000594FFF7EBFE059A02F5E072CB0650F844
:10A3A0002260C6F3014633D5019A3846214604F0AF
:10A3B000A4FF05A80594FFF7D9FE059B03F5E073FC
:10A3C000F6B250F82330C3F301439E4207D1002177
:10A3D000204604F064FF3146204604F060FF05A8E3
:10A3E0000594FFF7C3FE059B012202FA03F3C0F8B0
:10A3F00020354FF08053D3F83031082B01BFD0F80F
:10A400002035D0F82035D0F82035D0F820359BE71E
:10A41000022E14BF02210321204604F040FFBAF1AE
:10A42000030F04D0022E08D1BAF1010FD7D1019A3F
:10A430002146384604F061FFD1E7032ECFD1BAF1AF
:10A44000020FF3E795FAA5F3B3FA83F304FA03F2E4
:10A45000009925EA020503F5A27201EB430359F8BE
:10A460002220B3F87C10C2F30142384604F045FFC5
:10A4700061E700BF0E0D0300380603000E0D030058
:10A4800010B5174C237843BB03789A0722D54FF0B9
:10A490008053D3F83021082A08D1D3F83431022B65
:10A4A00002BF4FF080430122C3F8382601234FF04A
:10A4B0008042C2F88035037803F00103C2F8783592
:10A4C0000020FCF72BFB08B9FCF706FB01232370E7
:10A4D000002010BDC3F34003E9E76FF07700F8E711
:10A4E000FC1000204FF080434FF46072C3F8082343
:10A4F000014B00221A6070478810002008B5FFF752
:10A50000F1FF03680BB1014A136008BD88100020F9
:10A5100010B54FF08043D3F80443620707D54FF4DA
:10A52000847005F02FF910B11E4B1B689847A306E5
:10A5300008D54FF48A7005F025F918B11A4B0020A0
:10A540001B689847600608D54FF48C7005F01AF91F
:10A5500018B1154B01201B689847210608D54FF408
:10A560008E7005F00FF918B1104B00201B6898474A
:10A57000E20508D54FF4907005F004F918B10B4BC3
:10A5800001201B689847A3050AD54FF4927005F087
:10A59000F9F828B1054BBDE810401B6802201847A8
:10A5A00010BD00BF901000208C10002088100020EB
:10A5B00010B5044602F0AEF9024802F0AEF92046AA
:10A5C00005F020F9BE0B03002DE9F04105460E46CB
:10A5D000EFF31187202383F31288DFF87080D8F817
:10A5E000084002F097F902F095F9042D96BF184B38
:10A5F000184A53F82520184898F81030294602F0D8
:10A600008CF946B1F369C3F3080323B102F082F970
:10A61000124802F082F902F07DF934B1204605F0CB
:10A62000F0FA024608B1037803B90D4A0D482146F5
:10A6300002F073F931462846FFF7BAFF87F3118815
:10A640002046BDE8F041FCF719BB00BF9410002084
:10A650003C060300CE0B0300E40B03000D0C0300CB
:10A66000DC0B03002E0C030038B50A4B53F82040D6
:10A67000013053F82050A54200D838BD606830B191
:10A68000037EDB0701D405F09AF80834F3E723686A
:10A690009847FAE75006030070B5264B264C274D25
:10A6A000012286B01A70AC421AD30320FFF7DCFFF8
:10A6B0000420FFF7D9FF224C224DAC42264613D38B
:10A6C00001F064F91E4CAC4225D301F06FF9FBF7A1
:10A6D00049FD1D4A938923F00103938106B070BDA3
:10A6E00054F8043B9847DEE7636A0593236A0493B2
:10A6F000E3690393A3690293636901932369009358
:10A70000303454E90A2354E90C0100F007FE54F8F0
:10A71000303C5E65D1E7D4E90A2352EA03012068A0
:10A7200003D105F070FA3034CDE70849183001F054
:10A7300015FAF8E7FD100020780303007C030300FE
:10A740007C0303007C030300F006002023FD0200CD
:10A7500070B5164D164C1749982386B003FB00556B
:10A7600001220023CDE904230F22CDE90232019317
:10A77000142303FB004406464FF4C07000FB06118F
:10A780000D4B00944FF4A072284600F0C7FD2B7CBF
:10A790000A4AE56023F004032B744FF4046306FBBC
:10A7A000033313442674636006B070BD580600205E
:10A7B00094100020C01F00206DF9020080170020B7
:10A7C0007FB50020FFF750FF2D4B83F308882D4CF9
:10A7D0002D4D636943F400736361E02384F82230F4
:10A7E0000023E37723766376A37684F82030626AC9
:10A7F00042F4E022626284F82330FCF729F9FCF786
:10A8000027FA4FF0FF33A362E362FCF71DFBFCF76E
:10A8100087FA1E481E4C00F0C9FDFCF7EFFCAC4265
:10A820002AD30120FFF720FF0220FFF71DFF01F0D0
:10A83000A5F8184B184C5C61184B059300250123B3
:10A84000174900954FF48062CDE90353CDE90155D6
:10A85000144B204600F062FD237C064623F00403DF
:10A860002046237405F018FA2846FFF771FF0D4AB9
:10A8700031462046FCF7D2F954F8043B9847CEE71E
:10A88000C01F002000ED00E07803030088070020CF
:10A890007403030094100020F0060020910C0300C4
:10A8A0004021002099A6020038B5064C064DAC4266
:10A8B00001D3002038BDD4E90112204604F0E2FFA4
:10A8C0001434F4E7BC030020D003002030B585B079
:10A8D000DDE90845034B0293CDE9004504F098FFFC
:10A8E00005B030BDC3C7020038B5064C064DAC42BA
:10A8F00000D338BD204604F0E3FF0028F9D11C3412
:10A90000F5E700BFA0030020BC03002073B50D468F
:10A91000EFF31181202484F31288C4684CB12C60B9
:10A920002368C360836901338361002081F3118848
:10A9300011E052EA030603D12C606FF00B00F5E73B
:10A94000CDE900230246083000F02EFF18B9034B72
:10A950009B685B692B6002B070BD00BF9410002043
:10A96000F7B50D4604469DF82010EFF3118720201F
:10A9700080F31288266AE06886423ED22668B44296
:10A980001AD0CEB1304604F0FAFF06F1180001F0FB
:10A9900077F954F8082F70692946002505F00AFB5D
:10A9A0003046C6F8905000F08BFD2046394600F046
:10A9B00083FE284603B0F0BDA26899B1E06929463C
:10A9C00005F0F8FAE369A26813446269E36193420F
:10A9D00001D12369E361236A01332362002087F3F5
:10A9E0001188E7E7A0692369984208BF6069801A67
:10A9F000A061294605F0DEFAEDE752EA03010BD02B
:10AA00000749896804F108004D61CDE90023394602
:10AA1000224600F0C9FECDE76FF02200DFE700BF5D
:10AA200094100020F7B504460846EFF31186202164
:10AA300081F31288216A00293BD0A268A16905F040
:10AA4000B9FAA369A268256813446269A3619342B5
:10AA500004BF2369A361236AAC4203F1FF3323627D
:10AA600036D02846002D34D004F089FF05F11800B7
:10AA700001F006F96969A268E06905F09BFAE369EB
:10AA8000A26813446269E361934204BF2369E361EE
:10AA9000236A0027013323622846C5F8907000F02E
:10AAA0000FFD04F10800314600F006FE384603B001
:10AAB000F0BD52EA03010FD0094989684861CDE928
:10AAC00000233146224604F1080000F06DFEEEE757
:10AAD000002086F31188EAE76FF02200F9E700BF53
:10AAE000941000202DE9F04F044685B09346EFF313
:10AAF0001189202282F31288DFF82081C168D8F8FA
:10AB0000082061B18068904209D05BEA030123D13B
:10AB100089F311886FF00F0005B0BDE8F08F0131A7
:10AB20000129C4E902210FD1D8F80830DA6F12B92F
:10AB30009A7B83F8882000212161D3F8801004F1EA
:10AB4000100229B9C3E91F2289F311880020E3E725
:10AB50000A60C3F88020F7E7C2F88440A56892F93C
:10AB60000EA095F90E209245A8BF924626461022C7
:10AB7000002795F90E10514509DDB0685146CDE921
:10AB8000022304F010FFDDE902233843C7B2D5F8F1
:10AB900084604EB1297C890706D5B44204D0013ABD
:10ABA00002D0B568002DE4D1CDE900B31C4822469F
:10ABB000494600F0F9FD20B9D8F80830C3F8840000
:10ABC000C4E7EFF31185202383F31288D8F8083007
:10ABD0000022C3F88420A068D0B190F98810C36F18
:10ABE0004BB904F0E0FE98B10D48294600F064FD31
:10ABF0006FF00A0090E71C4654F8102DA24205D0D1
:10AC000022B192F90E209142A8BF11461B68E7E7D6
:10AC1000002FE9D185F31188EAE700BF94100020E6
:10AC2000FE1000202DE9F04183680546002B00F05E
:10AC3000848045488268934240F08280EB68012B13
:10AC400004D9013BEB600020BDE8F081EFF31187F0
:10AC5000202383F312888368DA6F05F11006002140
:10AC600062B1964227D12A69E9B9D3F88010DA6730
:10AC70008E4201D1C3F8802000232B61836893F9B1
:10AC8000881093F90E208A4204D0DB6FB3B9A8680C
:10AC900004F089FE2C68A5421DD10023C5E90233CA
:10ACA00087F31188CFE70A60D3F88020964208BF67
:10ACB000C3F88010E0E711461268D1E7184650F853
:10ACC000102D824205D022B192F90E209142A8BFE8
:10ACD00011461B68DAE7002CDFD0D4E9003213609C
:10ACE0005A60237C4FF0000823F002032374C4E968
:10ACF0000088C4F8088004F1180000F0C1FFAC60BF
:10AD0000E36F13B9A37B84F88830C5F81080D4F8BA
:10AD1000803073B9C4E91F6600232046C4F884302C
:10AD2000C4F8903000F0CCFB0848394600F0C4FC71
:10AD300089E71E60C4F88060EEE76FF0150083E7D6
:10AD40004FF0FF3080E700BF94100020FE1000207D
:10AD500037B5EFF31185202181F3128804688CB197
:10AD60002368426823F003039442036008BF4360F2
:10AD70000121204604F034FE044685F31188204664
:10AD800003B030BD52EA0301F7D00830CDE900230B
:10AD90002946024600F008FD0028F0D1014B9B68CF
:10ADA0005C69ECE79410002070B5EFF31186202366
:10ADB00083F31288046884421CD0DCB1D4E90032E9
:10ADC00013605A60237C002523F002032374C4E936
:10ADD0000055A56004F1180000F052FF2046C4F8A9
:10ADE0009050656100F06CFB31460748BDE870404B
:10ADF00000F062BCD0E902329A4218BF013383608E
:10AE000086F3118870BD00BFFE10002013B5EFF36C
:10AE10001181202484F31288846834B1013C846059
:10AE200081F31188002002B010BD52EA030404D15E
:10AE300081F311886FF00F00F5E7CDE9002302469A
:10AE4000014800F0B1FCEEE7FE100020F8B5064620
:10AE5000EFF31187202383F3128800233468A6427E
:10AE60001AD0CCB1D4E9003213605A60237C00259B
:10AE700023F002032374C4E90055A56004F118000F
:10AE800000F0FEFE6FF00A03C4F8903065612046C2
:10AE900000F016FB0123E1E70022B2602BB1394636
:10AEA0000348BDE8F84000F007BC87F31188F8BDFF
:10AEB000FE1000202DE9F04FDFF8788185B00446C0
:10AEC0004FF0FF364FF0FF37EFF31189202383F364
:10AED0001288D4F89C50D4F8B43055BB23F0040247
:10AEE0005807C4F8B420C3F3800171D504F1AC0B4A
:10AEF000D4F8AC505D4574D0002D72D0D5E9003245
:10AF000013605A602B7C4FF0000A23F002032B746D
:10AF1000C5E900AAC5F808A005F1180000F0B0FEC8
:10AF20000123C5F89030C5F814A0284600F0C8FAEF
:10AF3000DEE7D4F8A0202968C4F89C10954243F0BD
:10AF4000020308BFC4F8A010C4F8B430EB6823F0C3
:10AF5000040343F00103EB606B6889F31188284612
:10AF60009847EFF31189202383F31288EB68D90601
:10AF700023F0010240D4EA60EB689A071AD5D8F8AA
:10AF8000000023F00203EB60A0B10268002188B149
:10AF900043689D4240D10368B1BBD8F80420C8F88B
:10AFA0000030904201D1C8F80430002340F8083B3B
:10AFB000FFF7FAFED4F8B43023F00203C4F8B4303B
:10AFC000DB0502D4D4F89C3073BB89F311887BE78E
:10AFD000D00606D5C4F8B41089F3118805B0BDE8D1
:10AFE000F08F0023CDE90067029304F1A4024946E3
:10AFF000114800F0EFFC67E723F01103EB6005F167
:10B000001000FFF7D1FEB7E70B60D8F80430984284
:10B0100008BFC8F80410C8E701461AB11368104603
:10B020001A46B4E71346FAE789F3118804F020FEC4
:10B030004AE700BFB4100020FE100020F8B5C56834
:10B04000AB0704460F4644D46E0737D40B680BB9E0
:10B0500083680B60237BD80744BFA3683B603E68CE
:10B060004CBF0225012566B31C4B9A68D6F8983070
:10B070009A421DD104F0BCFD80F00100C0B2D6F8A8
:10B08000B430D90720D55A0721D510B30023236047
:10B09000D6F8A03073B9C6E92744304604F05BFD0A
:10B0A000E36843F00403E3603B68A3602846F8BD0F
:10B0B0000020E4E71C60C6F8A040EEE7C5F34005B9
:10B0C00009E06FF0150506E06FF0120503E01B07BD
:10B0D000DCD56FF00F0500233B60E7E794100020FC
:10B0E00037B501900846EFF31185202383F31288CA
:10B0F00001A9FFF7A3FF041E06DD0548294600F05D
:10B10000DBFA204603B030BD85F31188F9E700BFB4
:10B11000FE10002001460148FFF7E2BF4008002072
:10B12000F0B589B004460020C4E927000E9D04F163
:10B13000A400C4E9290004F1AC00C4E92B0055B314
:10B140002879002840F2011008BF0120C4F8B4009B
:10B1500000204FF0FF364FF0FF37CDE90330CDE947
:10B160000100CDE906670D4B0094204600F032F94E
:10B1700055B1296811B1204604F040FD6B791BB12F
:10B18000A38943F00103A381204604F03CFDC4F8E9
:10B19000984009B0F0BD0120D8E700BFB5AE02006D
:10B1A00037B501900846EFF31184202181F312880E
:10B1B000C16811F01E0F14D153EA020506D101A98E
:10B1C000FFF73CFF84F3118803B030BD41F0080164
:10B1D000C160019981620449103000F0BFFC012078
:10B1E000F0E70020EEE700BF97FB020001460148B0
:10B1F000FFF7D6BF40080020F0B585B00C4601909F
:10B2000016461D46EFF31183202282F3128803A90C
:10B210002046039304F082FC55EA0603039F07D1FE
:10B2200001A92046FFF70AFF87F3118805B0F0BD9A
:10B23000E168019BA36241F00801E16032460449E4
:10B240002B4604F1100000F089FC0120ECE700BF60
:10B2500097FB020001460148FFF7CEBF40080020DF
:10B260002DE9F0418046EFF31187202383F3128804
:10B270000026D8F80040A04518D0BCB1D4E900326F
:10B2800013605A60237C002523F002032374C4E971
:10B290000055A56004F1180000F0F2FCC4F89050CD
:10B2A0006561204600F00CF90136E2E726B987F324
:10B2B00011883046BDE8F0810248394600F0FCF9BB
:10B2C000F7E700BFFE1000202DE9F3411C4652EACB
:10B2D000040380460D4616461AD0EFF3118720234B
:10B2E00083F312880846FFF79DFCCDE900644246CF
:10B2F0003946094800F058FA04464FF0FF324FF043
:10B30000FF332846FFF7EEFB204602B0BDE8F08190
:10B310006FF00A04F8E700BFFE100020F0B5073216
:10B3200085B022F0070204467F320E9D0D9EA58156
:10B33000583022F03F020027C4E9160004250020FF
:10B34000A6733F2A4FF00006C4E90867C4E9060067
:10B35000A0602574E07301F14007A2F1400603D814
:10B3600080F31188284602DF8D18A27B84F888209C
:10B37000C4E91B760C9A0026C4E91F666667C4F808
:10B38000846002920B9A01920A9A009220462A4601
:10B39000FBF712FC044B66659B6803B19B6FA367C8
:10B3A000284605B0F0BD00BF9410002001230374AF
:10B3B00083810023C0E91F33C0E91B33C0F8843008
:10B3C0008367034B827B80F888209860704700BFBA
:10B3D00094100020F0B587B000270597109F0497C0
:10B3E0000F9F03970E9F0297DDE912650D9F01974E
:10B3F0000C9F00970446FFF791FF55EA060305D11D
:10B40000204604F000FC204607B0F0BD32462B4633
:10B4100004F11800014900F0A1FBF4E723FD02004C
:10B420000A4A93686FF00A01C3F890100849C3F8FC
:10B430008C004B6843F080534B60002383F31188EA
:10B44000BFF36F8F9368D3F890007047941000207B
:10B4500000ED00E038B5184CA168E0690B68814246
:10B4600014BF1A46002249680B605960A368E1695D
:10B470002AB9124AC3E900210B60E3610AE092F99C
:10B480000E5093F90E00854212DD5168C3E9002188
:10B490000B605360A569094B9D4200D005B9E56872
:10B4A000A3689D4202D0284604F09AFC656138BD2D
:10B4B0008A42DED01268DBE794100020AC10002036
:10B4C00070B5037C13F09F0F2DD11C4C63F07F03EC
:10B4D0002246037452F8183F934225D1E169C0E92E
:10B4E00000210860E0610FE08B42F8D01B68002B60
:10B4F000F5D093F90E6090F90E50AE42F4DD596824
:10B50000C0E9003108605860A569954200D005B9CE
:10B51000E568A3681A7CD20608D1DA897F2A05D9A2
:10B52000AA691AB9636170BDE169E0E7AB4202D074
:10B53000284604F055FC6561F5E700BF9410002033
:10B5400038B590F91020037C002A014604DA03F094
:10B550007F03037404F08EFB0D4D2A46AB6852F84E
:10B56000184F944200D004B9EC688B4207D01A7C83
:10B57000D20604D1DA897F2A01D9A2692AB1A3426D
:10B5800002D0204604F02CFC23466B6138BD00BF7E
:10B59000941000202DE9F843002A027C0CBF4FF0E4
:10B5A00010084FF0080818EA020F04460D465DD156
:10B5B00048EA0203D2090AD10374B8F1080F70D126
:10B5C000A36813B1204604F05DFB20270BE003F0D5
:10B5D0007F03037404F04EFBEFE785F31188EFF36C
:10B5E000118587F3128804F1180000F049FB0B3035
:10B5F000F3D0A66D04F15807B74211D04FF00009FF
:10B6000076B1304604F03EFBC6F8909006F1180083
:10B6100000F036FB3046FFF753FFA66DB742EFD17F
:10B62000234B9B689C423CD1EFF30587003F18BF3A
:10B630000127DFF87C904B4653F8186F9E4200D0EC
:10B640000EB9D9F80C60D9F80830B34202D03046B0
:10B6500004F0C6FBB8F1100FC9F8146006D02046FC
:10B6600001F02DFB17B11348FFF7A0FE104B9B68AC
:10B67000A34218D1EFF30583ABB9227BD2070BD5D8
:10B6800085F3118883F311880423184602DFEFF352
:10B690001185202383F312882846BDE8F843FFF77D
:10B6A000BFBE0027C5E785F31188BDE8F88300BF5A
:10B6B000941000208807002049B9EFF3058030B9C5
:10B6C000044B5A699B689A4201D0FFF7A9BE81F3E7
:10B6D000118870479410002001460148FFF7ECBF25
:10B6E000FE10002070B50F4D2B46064653F8184F3C
:10B6F0009C4200D004B9EC68AB681A7CD20604D135
:10B70000DA897F2A01D9A2692AB1A34202D0204650
:10B7100004F066FB23466B613046BDE87040FFF7DE
:10B72000DBBF00BF9410002070B5EFF3118620231B
:10B7300083F312881A4CA168E0690B68814214BF38
:10B740001A46002249680B605960A368E1692AB96A
:10B75000144AC3E900210B60E3610AE092F90E503C
:10B7600093F90E00854216DD5168C3E900210B6094
:10B770005360A5690B4B9D4200D005B9E568A368ED
:10B780009D4202D0284604F02BFB65613046BDE89F
:10B790007040FFF745BE8A42DAD01268D7E700BF93
:10B7A00094100020AC100020F8B5DDE906670D46C6
:10B7B000EFF305832BB1002383F31188042318468C
:10B7C00002DF0D4B0D4998680860EFF311812021CD
:10B7D00081F312889C681146204604F068FA3246CC
:10B7E0003B4604F11800064900F0B8F92846BDE8C8
:10B7F000F840FFF715BE00BF94100020BC100020D9
:10B8000023FD0200F8B50446EFF31187202383F3EC
:10B810001288037C03F01F02B2FA82F6760949B25D
:10B820001AB39B0704D4817387F311883046F8BD9F
:10B83000856804F01FFA81732B689D4200D02BB9F4
:10B840006B68C4E900531C606C60EDE793F90E204F
:10B850008A4204DC6A689342F2D01B68EFE75A68B8
:10B86000C4E9003214605C60DEE703F07F03037418
:10B8700004F000FA174D037C817363F07F032A46BE
:10B88000037452F8183FE86993421AD1C4E90020C2
:10B890000460EC61AC69944209D1EC68AB689C42ED
:10B8A00001D16C61C0E7204604F09AFAF9E7002C58
:10B8B000F4D1F2E793F90EC08C4505DC8342E5D064
:10B8C0001B68002BF6D1E1E75968C4E900310C6030
:10B8D0005C60DFE79410002051EA00032DE9F04797
:10B8E00006460D460746884605D104F0C1F938469C
:10B8F0004146BDE8F087EFF31189202383F31288D6
:10B90000DFF868A01A4BDAF808001860FFF718FE95
:10B91000DAF80800174932462B46183000F01EF9B5
:10B92000DAF808301A7CC3F88C9042F004021A74DA
:10B930006FF00A02C3F890200F4A536843F0805317
:10B9400053600446002383F31188BFF36F8FB5F172
:10B95000FF3F08BFB6F1FF3FC9D004F06AFA201AD2
:10B9600020EAE0774FEAE778C1E700BF94100020B3
:10B97000BC10002023FD020000ED00E0024B03F1AB
:10B980001802C3E90622704794100020EFF31181DA
:10B99000202383F31288044B9A68D37B013BD37333
:10B9A00081F31188704700BF94100020EFF31180DD
:10B9B000202383F31288034B9A68D37B0133D3731C
:10B9C000FFF790BE94100020014B9868704700BFAD
:10B9D00094100020D3B5DDE90667089CCDE9006727
:10B9E000FFF7E2FE1CB1034B9B685B69236002B06A
:10B9F000D0BD00BF94100020027C12F01F0211D1B4
:10BA00000A4B98420ED00A4B1B684BB1C1897F2963
:10BA10000AD8084A90F90E1012689142B8BF002364
:10BA2000184670470023FBE71346F9E75806002045
:10BA300020030020C4100020094BBFF35B8FC01A05
:10BA4000084BC0105843084B012203EB800353E816
:10BA5000001F43E800200028F9D1BFF35B8F704737
:10BA600020080020ABAAAAAAC0100020F8B5144BE9
:10BA7000144D1E7C182303FB06550446284600F08F
:10BA8000FFF8114B03EB86076CB1BFF35B8F53F8E4
:10BA90002630BFF35B8F03B1013C0C492246E3170C
:10BAA000284600F05BF8BFF35B8F002357E8002FB8
:10BAB00047E800310029F9D1BFF35B8FF8BD00BF23
:10BAC0009410002020080020C010002039BA020085
:10BAD000F8B5EFF31186202383F31288144D154B2C
:10BAE000AC681868A04204D104F07AF986F3118892
:10BAF000F8BD00221A602A7C0F4BBFF35B8F53F80E
:10BB00002230BFF35B8F002BF0D02046FFF774FF8D
:10BB100007460028EAD0237CDB06E7D1FFF79AFC32
:10BB20006B69A342E2D13846FFF7A0FFDEE700BF12
:10BB300094100020BC100020C0100020024B186898
:10BB4000984208BF0020704724030020024B186869
:10BB500008B1FEF7E3B870472C030020B3F1FF3FB4
:10BB600008BFB2F1FF3F2DE9F84F0446994615464C
:10BB70001F467BD00161EFF31186202383F31288E7
:10BB8000B9F1000FDFF8EC803ADAD8E900136FF072
:10BB90000102521A4FF0FF3161EB0303521B63EBBA
:10BBA0000903012A73F100014FF00008BCBF012214
:10BBB00000234146DFF8C0A0C4E90223FFF7BEFF1F
:10BBC000DAF8049090BBC4E900A9C9F80040CAF8AB
:10BBD0000440FFF7B3FF84420CD1284B1B680133AC
:10BBE00008D1B8F1000F3DD0084604F000F900215B
:10BBF00003F07DFA86F3118828463946BDE8F88FB0
:10BC0000FFF7A4FF1D4B1A68003A18BF012245191F
:10BC100049F100035219D8E9005743F100035519BF
:10BC2000014643EB07074FF00108C3E7D0E9023CA8
:10BC3000D4E9022E9A427EEB0C0B08DBD21A6EEB93
:10BC40000C034845C4E90223BDD00068BAE79B1A3B
:10BC50006CEB0E02C0E902324368C4E900031C60C9
:10BC60004460B6E7FFF772FF0146BDE700252F46A7
:10BC7000C2E700BF38080020240300202C03002066
:10BC8000F8B50446EFF31186202383F31288026887
:10BC90005AB3FFF753FF164B5B689C4208D0D2E9BA
:10BCA0000231D4E902575B1941EB0701C2E90231C5
:10BCB000D4E900320025844213605A60C4E900557B
:10BCC00006D1FFF743FF04F092F8294603F00FFA7C
:10BCD0000020084A136823F001018C4204BF43F09E
:10BCE0000103136086F31188F8BD6FF01500F0E7CB
:10BCF00024030020C8100020EFF31182202383F3D7
:10BD00001288054940F001030868C31A5842584197
:10BD100082F31188704700BFC81000202DE9F0475A
:10BD2000314E324DDFF8C890324F306000230C4660
:10BD30002B60D6F80080B8F1000F0ED14FF0FF3322
:10BD400040462B6004F053F8414603F0D0F984F3E9
:10BD50001188BDE8F047FFF7BBBEFFF7EFFE6FF0BD
:10BD6000004330B1D0E90212994272F10002B8BF2B
:10BD70000B464345194684BF434641464FEAE37CA0
:10BD800038B18268D0F80CE0D21A6EEB0C0EC0E924
:10BD9000022ED9F80020D218D9F8043043EB0C0356
:10BDA000C9E90023A8EB010131604FF0000A4FF010
:10BDB0002008FFF7C3FE0028BBD0D0E902120A43D7
:10BDC000B7D1D0E900210A60516002693860C0E94A
:10BDD00000AA84F311889047EFF3118488F3128846
:10BDE000C7F800A0E5E700BFCC1000202C0300201E
:10BDF00038080020C810002010B5EFF3118420236C
:10BE000083F31288FFF7A2FE044AD2E90031C0187A
:10BE100041F1000184F3118810BD00BF38080020F3
:10BE200073B50446EFF31186202383F312888368E9
:10BE30005940114003EA02054B40009300226B4633
:10BE40000849019203F09AFFDDE9003223EA020378
:10BE500004F10C00A3603146FFF72EFC284602B027
:10BE600070BD00BF45FF0200F8B507460C461646F8
:10BE700003F0BEFE08B10020F8BD0B4B9B689D6F20
:10BE8000002DF8D0221DF6D2EFF31184202383F386
:10BE9000128847F004012846B04784F3118800282F
:10BEA000E9D040F8045BE7E7941000200146024A1D
:10BEB0000020FFF7D9BF00BFBDC7020007B5064B82
:10BEC0000093064906484FF0FF334FF48062FFF7B6
:10BED00027F903B000BD00BF6806030080250020DD
:10BEE000400800202DE9F0410127BA4201DCBDE8FD
:10BEF000F081064633461C781E46002CF7D0252CD0
:10BF000003F10103F7D11D78252D06F10206F1D0CA
:10BF10000024DFF8FC80A44623461F2B31D8A5F16E
:10BF2000200EBEF1100F06D828FA0EFE1EF0010FEB
:10BF300064D12E2D46D02E2D31D8242D3DD02A2D42
:10BF400040D0BCF1000FD2D0BC45D3D145F0200683
:10BF5000A6F1650CBCF1020F0C680AD9612E08D05D
:10BF6000692D02D050D8632D50D01D064ED59B05AB
:10BF70004CD5E31D23F0070303F108040C600137DF
:10BF8000B3E77F2BD5D96C2D23D01DD8682D2BD0AE
:10BF90006A2D01D04C2DD4D143F4207322E0A5F1B9
:10BFA000300EBEF1090FEED80A2303FB04E4202370
:10BFB00016F8015B002DB0D1C3E7BCF1000F1FD014
:10BFC000BC421FD00024F3E7742DF1D07A2DEFD0BE
:10BFD000B7E743F4007513F0800FADB218BF2B46DE
:10BFE00043F080039BB2E3E743F4007513F4807FD2
:10BFF000ADB218BF2B4643F48073F3E70023D7E7B5
:10C00000A446DFE76325A1E7732DADE70434B5E768
:10C01000892801002DE9F04F837899B0814698076F
:10C02000CDE9031216D5D9F80430019307920B46D7
:10C030000025187880B1252815D001330293019B83
:10C040004946984700280BDA99F8023043F0040378
:10C0500089F802304FF0FF35284619B0BDE8F08F5F
:10C060000135029BE5E793F801809A1CB8F1250F92
:10C070000292E4D04FF0000B5E465F465C461F2CF8
:10C0800024D8A8F12003102B22D8DFE803F01621D2
:10C09000211C2121210C21212114211921210900F8
:10C0A00044F00104A4B2029B13F8018B0293B8F18F
:10C0B000000FE4D116E044F0020444F00404F1E778
:10C0C00044F00804EEE744F01004EBE77F2C78D846
:10C0D000B8F12E0F59D035D8B8F1240F5BD0B8F194
:10C0E0002A0F40D0BBF1000F06D0049B03980793A2
:10C0F0005A4607A9FFF7F6FE48F02003002EA3F1E9
:10C100006502BCBF24F040040026022A02D9612B3C
:10C1100040F08980079BDFF85C82073323F0070338
:10C12000083307930726200740F1C48008EB060B6D
:10C1300044465C4540F0C080A5EB080804EB0802CB
:10C14000BF1BBDE1A8F13003092B3AD814F0400F12
:10C150004FF00A0202D002FB0636A4E702FB0737C3
:10C1600044F020049EE7BBF1000F9CD1079B6106C1
:10C1700003F10402079201D51E6894E71F68002F9F
:10C18000EEDA7F4244F028048CE763063FF564AFA3
:10C1900044F0400486E7BBF1000F3FD014F04008A4
:10C1A000049B039807930CBF3A46324607A9FFF752
:10C1B00099FE079B1A1D0792B8F1000FDCD11F688A
:10C1C00071E7B8F16C0F15D00BD8B8F1680F1BD020
:10C1D000B8F16A0F02D0B8F14C0F83D144F4207447
:10C1E00060E7B8F1740F3FF45EAFB8F17A0F3FF437
:10C1F0005AAF77E744F4007314F0800F9BB218BF76
:10C200001C4644F080044DE744F4007314F4807F2E
:10C210009BB218BF1C4644F4807443E75E46344624
:10C22000BB4637463FE7A8F16302122A00F2DB80E3
:10C23000DFE812F013004B00D900D900D900D90073
:10C240004B00D900D900D900D900D900F200D300A1
:10C25000D900D9001D00D900A400079B1A1D079220
:10C260001B688DF8203001260DF120085BE7079B45
:10C270001A1D0792D3F800803F4BB8F1000F08BF9A
:10C28000984614F0400F14BF31464FF0FF3140463E
:10C2900003F0A6FE064646E7019B49462020984744
:10C2A0000028FFF6D1AE013CA642F5D33D442D1B3C
:10C2B00027463BE73C46F7E714F8010B019B49464C
:10C2C00098470028BFF635AFBEE62106079B2ED55E
:10C2D000A20527D5073323F0070303F108020792CD
:10C2E000D3E90001002924F0100B30DA404261EB61
:10C2F00041014BF4806B08AC0A23224603F07CFE1C
:10C300001BF0400FA0EB040200F09D8096422BF042
:10C31000010440F3A280B8F1000F40F0A0802BF0A0
:10C3200011041EE01A1D07921868C117DAE71A1DDA
:10C330000792E005196801D40846F6E7A2054BBF4D
:10C3400048B208B241F3C01141F3C031CAE750EA24
:10C350000103D0D16306CED5002ECCD124F0110438
:10C360003246B24640F20641214089B2002971D1DD
:10C3700027E000BFA60C03009F0C030024F010046C
:10C380000A2314F0800C079A4CD014F400711DBFDE
:10C39000073222F0070202F10801101D15BF0791B4
:10C3A0000790D2E90001106850EA010247D1620605
:10C3B00024F0160B45D5002E43D124F01704324645
:10C3C000B246230762D4E10705D557457BDDA7EBCD
:10C3D0000A039E18BA46D34651E044F010041023D5
:10C3E0004FF07808CDE7782B04D1C8F1780343F0FB
:10C3F0001003C6E7622B13D0019B494625209847BE
:10C400000028FFF621AE019B494640469847002888
:10C41000FFF61AAE023524E608234FF00008B0E715
:10C420000223AEE7111D079114F480711068BBD090
:10C4300014F400711ABFC0B2614680B2B4E724F0B0
:10C44000060B08AC59E792465C46E1068AD5B8F17E
:10C45000000F06D10AF1010AB3E79246F5E7B246AA
:10C46000F3E70AF1020AACE7019B05924946202056
:10C4700098470028FFF6E8AD059A0BF1010B5F45E0
:10C48000F2DCA5EB0A0303EB0B05DA46E30627D53E
:10C49000019B05924946302098470028FFF6D4AD0D
:10C4A000059AB8F1000F10D101352E44711B8A4254
:10C4B0002EDB144608AE002C35D12A44A7EB0A0720
:10C4C0001546174442E0164685E7019B059249460A
:10C4D000404698470028FFF6B7AD0235059AE4E7D5
:10C4E00040F20641214089B20029DED014F0020F4B
:10C4F00014BF2B20202014F4806F18BF2D20019B27
:10C500000592494698470028FFF69EAD0135E5E7BC
:10C51000019B05924946302098470028FFF694ADCC
:10C52000059A0135C2E7013C019B305D0592494601
:10C5300098470028059ABEDA86E5019B49462020E7
:10C540009847002805F10105FFF67EAD7B1B002B07
:10C55000F3DC86E5704700EBC10040884008704777
:10C56000F8B50346FFF7F7FFB0FA80F0C0F11F00FF
:10C5700003EB8007CA003D69161D063245B9012448
:10C580008440D8682043D860396199539952F8BDE6
:10C59000E80004301C5A9C5303EBC4049D52E18014
:10C5A0001952F4E710B500EBC104E388994202F197
:10C5B00004010AD1012303FA02F2C36823EA020349
:10C5C000C360002340F8213010BDA28840F821301C
:10C5D00000EBC20100EBC300CB808280F4E708B51A
:10C5E0000346FFF7B8FFB0FA80F2C2F11F02184607
:10C5F000BDE80840FFF7D6BF2DE9F843B1FA81F353
:10C60000C3F11F0200EB82080546D8F81060894686
:10C6100086B9C3F120034FF0FF349C40EB681C4007
:10C6200013D094FAA4F2B2FA82F2131D55F8234003
:10C63000214607E03446032721462846FFF78BFFB3
:10C64000484505D32846FFF7ADFF2046BDE8F883EF
:10C6500005EBC404013FE488C8F81040D9D0A642D5
:10C66000EAD1D6E738B50346FFF775FF03EBC105FE
:10C67000044611461846FFF76EFF044460006880C8
:10C680001846FFF768FF024423F8324038BD70B502
:10C690000446FFF760FF551A04EBC1036E00891AC8
:10C6A0005E800B1804EBC2015800488024F8325019
:10C6B00011462046FFF74FFF024424F8323070BD88
:10C6C000F8B500294DD004680E1F361BF50826F07A
:10C6D0000706A219937813F0010304D183F311889C
:10C6E0000423184602DF29462046FFF734FF28447A
:10C6F00034F83030C01A854205D0002383F3118806
:10C700000423184602DF538823F00103538029468F
:10C710002046FFF720FF2F1804EBC7039B78DA07AA
:10C7200008D439462046FFF75AFF3A4629462046A4
:10C73000FFF798FFA65BAE1B04EBC6039B78DB07F5
:10C7400009D431462046FFF74AFF2A4631462046A3
:10C75000FFF788FF354629462046BDE8F840FFF739
:10C76000FFBEF8BD70B509B9002070BD056801F0C5
:10C7700007030B33CC0804EBD304AB689C4228BFFF
:10C780001C4621462846FFF737FF06460028EBD017
:10C7900001462846FFF7DFFEA04207D92846A21926
:10C7A000FFF775FFA1192846FFF7DAFE05EBC60271
:10C7B000101D538843F001035380D6E71146FFF75D
:10C7C000D1BF2DE9F8434B4203EA010931EA0303E3
:10C7D000054614460BD04B46042B4F4628BF042376
:10C7E000A1EB09096CB900252846BDE8F8830429A6
:10C7F00004D8BDE8F8431146FFF7B4BF002704236F
:10C80000F0E7A9EB030204F0070302F007010B3382
:10C810002E680B44E10801EBD20101EBD301B368B0
:10C82000994228BF19463046FFF7E6FE80460028A9
:10C83000D9D03D1D05EBC00509F1FF3335441D443A
:10C84000B5FBF9F509FB05F5ED1B2C442B1F07344F
:10C850009B1B24F00704A41BB0EBD30F4FEAD307B4
:10C860004FEAE40408D201463A463046FFF70FFF8C
:10C8700041463046FFF774FE39463046FFF76BFEFF
:10C880003844844207D230462246FFF700FF214653
:10C890003046FFF765FE06EBC706738843F00103D9
:10C8A0007380A1E7043A2DE9F041CC1D114424F036
:10C8B000070421F00706331BDF08B7FA87F2C2F13D
:10C8C0002405AD004FF000080735C2F12002ED0845
:10C8D00004604146A760C4F80C80920004F1100087
:10C8E00003F076FB6B0043F00103638004EBC502A9
:10C8F0007B1B5900A4F80080518024F83550338008
:10C900000123738029462046BDE8F041FFF728BE89
:10C91000002070477047F9F7B3BC0FB407B504A9FE
:10C9200051F8040B0191FFF7F6FF03B05DF804EB3B
:10C9300004B07047036800220BB9184670478B4259
:10C9400010D10B6842B942680360914200D1436044
:10C9500000230B600120704713604368994208BFB1
:10C960004260F5E71A461B68E6E7038B13F00703FE
:10C9700006D10368002B18BF032008BF00207047B2
:10C98000022B05D1408BB0FA80F04009800070473F
:10C99000012B04D10368002B18BF0520EDE7002010
:10C9A000704710B50C4600B111B96FF0150010BDFD
:10C9B000081D00F0B9F80028F9D1A368032BF6D9B7
:10C9C000F3E72DE9F0410D4607461946281D90462C
:10C9D0001E4600F0BAF838B133464246294684462E
:10C9E0003846BDE8F0416047BDE8F081EFF31182C1
:10C9F000202383F3128841610121F9F75FBC38B528
:10CA000005460C4658B151B10B6843B14B6833B180
:10CA10001C22002103F0DCFA2C61002038BD6FF0ED
:10CA20001500FBE770B505460E46FFF7BAFF002874
:10CA30001FDBEFF31182202383F312886B8B4FF6F9
:10CA4000FF718B422AD0288B00F00704062C2AD8CD
:10CA5000DFE804F010290429102E100001336B8345
:10CA600082F311880023284602223146FFF7A9FFEE
:10CA7000022070BD002333606B6843B9C5E90066CE
:10CA800044B928460221F9F719FC2046F1E71E6057
:10CA90006E60F5E7204682F31188EAE782F3118899
:10CAA0006FF00A00E5E782F311886FF00400E0E719
:10CAB00082F311886FF08500DBE710B5EFF3118288
:10CAC000202383F31288048B04F00704022C08D07F
:10CAD000012C0CBF6FF004006FF0850082F3118809
:10CAE00008E0438B013B9BB2438323B92146F9F70E
:10CAF000E5FB204610BD2046F0E738B588B181B18E
:10CB0000EFF31185202282F31288048BFFF712FFC6
:10CB100020B104F0070085F3118838BD6FF077006D
:10CB2000F9E76FF01500F8E7034658B1426802F0E4
:10CB30000302012A03D0032A04D1026812B10020A3
:10CB4000986070476FF0150070474268816002F08E
:10CB50000302032A4FF0000203460CBF0068104690
:10CB60005A60704770B50D888C882D1B0469006869
:10CB7000ADB22E1BB6B2A54228BF35462844641B71
:10CB80001060A4B20A88A34228BF23461A440A8030
:10CB9000184670BD30B4838984880569E41AA4B24C
:10CBA0002B1B934228BF134630BC0A46011DFFF7DA
:10CBB000D9BF30B40D460146C48831F80A3FE41AA3
:10CBC000A3B2934228BF13462A4630BCFFF7CABF20
:10CBD00010B54B880C88E41AA4B294420DD31A44C1
:10CBE0008B884A800A800069D21A92B2824201D2AE
:10CBF000002010BD03448B80FAE76FF01500F8E7C2
:10CC00002DE9F34180460E46154600272A4601A924
:10CC10004046FFF7BFFF044640B102463146019847
:10CC200003F0C8F92D1B27442644EFD13A4608F1FA
:10CC300004014046FFF7CCFF384602B0BDE8F08162
:10CC40002DE9F34180460E46154600272A4601A9E4
:10CC50004046FFF7AEFF044648B12EB102460199A7
:10CC6000304603F0A7F926442D1B2744EED13A465F
:10CC700008F10A014046FFF7ABFF384602B0BDE8B5
:10CC8000F0817047044608B5084611461A46A04789
:10CC9000FEF79AFEF9F7F2FF03F09AB903F08AB9AA
:10CCA00001460068F9F760BC08B5F9F799FCBDE8E2
:10CCB0000840F9F7D3BF00210120F9F755BC6FF008
:10CCC0008500704761B662B680F31188704772B60E
:10CCD000002383F31188BFF36F8FBFF34F8F30BFF3
:10CCE00062B6BFF36F8F704772B6002383F311886B
:10CCF000BFF36F8FBFF34F8F20BF80F3118862B6F1
:10CD000070470023202103F1604202F561420133A4
:10CD1000302B82F80013F6D17047202809D9B0F1E2
:10CD2000004F08D80138B0FA80F0C0F11F00400071
:10CD30007047082070473E207047FAF775B9FAF738
:10CD40004DB97047BFF35B8F50E8003F013340E8B7
:10CD50000032002AF8D1BFF35B8F704700230382B3
:10CD60004369C3607047C1698968FAF7A9B908B512
:10CD700001460830FFF7E6FF084608BD10B508B1C8
:10CD80004B6843604C68002308464B60FAF70EFA84
:10CD9000204610BD8388026819448180D0187047EE
:10CDA00030B484880568A3188380281930BC03F048
:10CDB00001B910B5838802685C1C8480D154D018F6
:10CDC00010BD30B5838802689D1CD4188580D1546D
:10CDD000090A617030BD83885B1A8380006810FA8D
:10CDE00083F0704783885B1A83800368194401606D
:10CDF00008467047034600689A88521A01449A8090
:10CE00001960704783880268013B8380531C03606C
:10CE1000107870474FF0FF324FF0FF330430FDF7CA
:10CE200061BEFDF7FFBE90F86C00C0F34110704783
:10CE3000F8B505461E460C461746FFF7EBFF95F87A
:10CE40006C309B0715D424B1012C10D06FF0150461
:10CE500008E0296F0029F9D09DF818300F714E7144
:10CE60008B710024281DFFF7DCFF2046F8BD696F99
:10CE7000F0E76FF00F04F5E790F86C00C0F3800066
:10CE8000704738B50446FEF781FD2046FFF7C2FF24
:10CE9000A06940B96FF01205201DFFF7C2FFFEF731
:10CEA00085FD284638BD94F86C30DB0716D402F0B7
:10CEB0009EFC0028EED02046FAF74CFF05460028DD
:10CEC000EAD10146242204F1280003F081F894F805
:10CED0006C3043F0010384F86C30DDE76FF07705C8
:10CEE000DAE770B50446FEF751FD2046FFF792FFE2
:10CEF00094F86C30DA0731D5C3F340019B0730D486
:10CF0000A06901F085FC0646A06901F010FD054608
:10CF1000B0B9A36F4BB13146204600F0DAF90546AF
:10CF2000A8B1A06901F02FFD0AE0A06901F0A8FCFA
:10CF3000A0670028EFD1A06901F025FD6FF00B0577
:10CF4000201DFFF76EFFFEF731FD284670BD94F8F7
:10CF50006C3043F0020384F86C30F1E74FF0FF359A
:10CF6000EEE76FF07705EBE7024652F8643F934235
:10CF700008D1002308E01A7A8A4205D0826E9342D3
:10CF8000F7D01B68002BF6D11846704770B50446E1
:10CF90000E46FFF73FFF94F86C30DB0717D4336978
:10CFA0000BB9F368B3B1636E1BB904F16403C4E950
:10CFB000193335688DB9A36E04F16402C6E9002304
:10CFC0001E60A666201DFFF72CFF284670BD4FF09F
:10CFD000FF35F7E76FF01505F4E76FF07705F1E738
:10CFE00010B5044654F84C3FA3420DD100230DE088
:10CFF0005C7D8C4204D103290AD11C7A944205D06D
:10D00000046DA342F2D01B68002BF1D1184610BD6D
:10D010000F29F4E72DE9F04105460C46071D4FF0B6
:10D02000FF324FF0FF333846FDF75CFDD5F87080D6
:10D03000B8F1000F6CD095F86C30DB0768D4EB6C5E
:10D040001BB905F14C03C5E913332368002B62D1EA
:10D05000637D0F2B09D1237A012B0BD02B6D05F1AA
:10D060004C02C4E900231C602C65637D032B0ED0A9
:10D07000002606E0E1682846FFF788FF06460028FC
:10D08000ECD03846FDF7CEFD3046BDE8F081EB6CC4
:10D0900005F14C0098421CD1002327E0567D197AF7
:10D0A000032E11D0013121725368C4E900231C60A2
:10D0B0005460637A022B23D0032B25D0012BD7D1C8
:10D0C000237A88F80E30D3E7167A013EB142E9D1CF
:10D0D0001B68002BE0D0597D2A6D03290DD19342A6
:10D0E00002D01A68002AD9D11B7A013323722B6D22
:10D0F000C4E900031C602C65DBE79A42E8D1CBE76A
:10D10000237A88F80F30B3E7237A88F81030AFE736
:10D110004FF0FF36B5E76FF07706B2E703680BB163
:10D12000007A704718467047C38813B10078C00969
:10D1300070471846704770B50C46154600F045FB21
:10D1400040B1406883681B6823B12A462146BDE888
:10D150007040184770BD38B580210446806901F0E1
:10D16000B2FB054650B10146204600F0D1FC044612
:10D1700010B12846FAF71AF8204638BD6FF00B04B4
:10D18000FAE738B50446806FFFF7F1FD0546FFF773
:10D19000E5FD2046294600F0BBFC044610B12846B8
:10D1A000FAF704F8204638BDF8B5054686680369E5
:10D1B0000C461746BFF35B8FD3F8A030BFF35B8FED
:10D1C0009B070ED5B36A7BB1F36B9847B36A2146D0
:10D1D0003A4628469847336C0446284698472046E6
:10D1E000F8BD4FF0FF34FAE76FF08504F7E770B54C
:10D1F0000546866803690C46BFF35B8FD3F8A03001
:10D20000BFF35B8F9B070BD5F36B9847736A21467F
:10D2100028469847336C044628469847204670BDF8
:10D220004FF0FF34FAE770B590F8283003F01F0391
:10D23000012B04460D462AD0022B14D063B394F878
:10D2400029102046FFF790FE0246E8B104F12800BD
:10D25000FFF76AFF002833D11369ABB12A6804F1E4
:10D260002801204620E0818DC9B200F0AEFA0246C6
:10D270000028E4D004F12800FFF756FF014650686B
:10D280008368A1B99B6863B96FF0850070BD818D1B
:10D29000C9B200F081FAEAE790F8291000F0B8FA74
:10D2A000E5E72A6804F12801BDE870401847DB680B
:10D2B0001BB104F12801984703462B600020E5E7E5
:10D2C000D368002BE0D004F128012046984728605D
:10D2D000F4E710B5044619B9002084F8300010BDF9
:10D2E000FFF74FFF0028F7D0F9E738B590F8303056
:10D2F000022B0D461CD100F064F9C8B1C468BCB162
:10D300002B78032B05D0052B0ED0022B08D02468D8
:10D31000F5E7606883685B69002BF8D09847F6E70B
:10D32000606883689B69F7E760688368DB69F3E797
:10D3300038BD012270B515460B685BB302F07F045F
:10D34000103423FA04F6F60710D5036823FA04F61E
:10D35000F60702D46FF0150070BD05FA04F423EA55
:10D36000040303600B6823EA04030B60D340DE0769
:10D370000DD5036823FA02F4E407EBD505FA02F4AD
:10D3800023EA040303600B6823EA04030B60013201
:10D39000102AD1D10020DFE72DE9F04F8369026F19
:10D3A0001B6993F88030C3F34113022B8FB083467F
:10D3B00036D0032B36D0012B0CBF10230823D3719A
:10D3C000DBF85480B8F1000F00F0D980D8F80C4099
:10D3D000D8F80430049300250C95002C00F0C98087
:10D3E000AA46606883681B6B00260D96002B00F030
:10D3F0009A8031469847002800F09580031FC4E9C1
:10D40000036603932E46039A52F8043F03920BB12E
:10D410001A784AB9AE4200F281806FF015007AE0C6
:10D420002023CCE74023CAE75A780B2A08BF9E7016
:10D43000039B1B685A78042A10D1E2680D990A43AD
:10D44000E260DA78002A57D19E7023690122B24047
:10D45000134301362361F6B200230D93039B1F682B
:10D460007B78052BCFD1DBF8183008936FF01200D2
:10D470004FF001097A793B7943EA0223ADF82E3067
:10D480000C9B059397F90230059A002B5FFA89F1FE
:10D49000BBBF41F080014BB24FFA89F30793B9BF8C
:10D4A00021F08003103307934B46DA40D2072AD489
:10D4B0000D9A069222FA03F3DB0724D4BB79FA789B
:10D4C000089800930DF12E03099101F042F8099993
:10D4D000C8B9079BB9708342BCBF21F080011031ED
:10D4E00001238B4005980699BDF82E20BA80194378
:10D4F0000343CDE90C3186E7721E9A700DA90CA882
:10D50000FFF717FFA8E709F10109B9F1100FB1D131
:10D5100000283FF478AF0FB0BDE8F08FE3680D9AB4
:10D520001343E3603546606883689B6A4BB3984752
:10D530000028F0D10146606800F00EF924688244AA
:10D54000002C7FF44EAF049A0AF1090393701B0A72
:10D55000D3701571D8F80C4074B1E368A36004F17E
:10D560000C010CA8FFF7E5FE00287FF456AF2468F5
:10D57000F2E72546A246E6E7D8F8008022E74046D3
:10D58000C9E76FF08500C6E74FF0FF324FF0FF3379
:10D590000430FDF7A7BAFDF745BB21B101290DD035
:10D5A00000231B68FFDE5430006848B143685B7994
:10D5B000934205D000680028F8D170475C30F3E74B
:10D5C000704710B590F83030022B044609D1FFF7B0
:10D5D0002AFC94F8382001462046BDE81040FFF7A9
:10D5E000DCBF002010BD08B5FFF7D7FF003818BF1B
:10D5F000012008BD2DE9F04105460F46FFF713FC59
:10D6000095F838308046CBB9002F3BD03A4641469A
:10D610002846FFF7C2FF0646A8B10246284600F09A
:10D62000D0F9044688B985F83870F46864B3606846
:10D6300083681B6A03B198472468F7E72846FFF719
:10D64000C0FF064620B96FF03C042046BDE8F081DB
:10D650000146284600F08BF910220446002105F10E
:10D660003A0002F0B5FC002385F83830F66836B190
:10D67000706883685B6A03B198473668F7E7002CE7
:10D68000C2D0E2E785F838700024DEE7F8B504463A
:10D690000E4657681546FFF777FF94F86C30D907A8
:10D6A0004AD4012E4BD0FB799A0605D5A3691B6994
:10D6B00093F880309B0742D5002E40D1E36D4BB9E3
:10D6C000626D5AB9236F6A685B7C01335371226FB4
:10D6D00053740EE09D4235D01B68F0E7954225D18A
:10D6E0002A68EBB9A36D62659D4200D1A265002353
:10D6F0002B60A96841B12046FFF78CFC064650B963
:10D70000A868FFF70BFDB87100232B60A36D83B9E8
:10D71000C4E915550026201DFFF73DFF3046F8BD32
:10D720001A60A26D954208BFA365E0E71346126830
:10D73000C7E71D60A565EDE76FF00F06EBE76FF03B
:10D740008506E8E76FF01506E5E74FF0FF324FF08A
:10D75000FF330430FDF7C6B908B583681B6B0BB106
:10D760009847034600201BB11A680AB1127802B923
:10D7700008BD04331044F6E710B51C46FFF70DFF53
:10D7800048B1C06838B10122A24003691A4202D1EF
:10D7900000680028F9D110BD10B50C46FFF711FF45
:10D7A00048B1C06838B10123A3400269134202D1D5
:10D7B00000680028F9D110BDD1F81A0083681B69F0
:10D7C00003B118476FF08500704770B501F07F0313
:10D7D00011F0800F18BF103301249C4090F83030B6
:10D7E000022B054601D0002070BD90F83860FFF78D
:10D7F0001AFB324601462846FFF7CFFE0028F2D03A
:10D80000C0680028EFD083681C42EDD10068F8E7BB
:10D8100038B50C46FFF7D5FE80B1C06870B14368DB
:10D82000DA681AB111790023994201DC0068F5E742
:10D830001568ED5CA54201D00133F5E738BD2DE94F
:10D84000F04105469846002A43D10846FAF79AFA6D
:10D85000044600283DD02846FFF777FF95F86C3046
:10D86000DA0707D56FF00F04281DFDF7DBF9204616
:10D87000BDE8F081666804F11407BFF35B8F63694C
:10D88000BFF35B8FDB07EDD473680BB19D42E9D129
:10D89000424600212846FFF780FEB8B100232360EE
:10D8A000036983B9C0E90344BFF35B8F57E8003FC6
:10D8B00043F0010347E80032002AF7D1BFF35B8F42
:10D8C00000247560D0E71C600461EDE76FF03C0454
:10D8D000CAE76FF01204CAE72DE9F8434C689DF8D7
:10D8E00020800D46994606461746FFF79CFAA36826
:10D8F0001B6B01461BB96FF01500BDE8F88320468D
:10D9000098470028F7D0041F0C35002054F8041F56
:10D9100009B10B782BB9002814BF00206FF03C0030
:10D92000EBE74B78042B0BD1F8B98B784B45EDD155
:10D93000CB784345EAD10B79002BDED00120E5E717
:10D94000052BE3D10028E1D0012F07D0022FF5D11C
:10D950008978B0692A4600F0C0F803E0B0692A4629
:10D9600000F09FF80028E9D0C7E70020C5E7F8B528
:10D97000CC6806461CB304F10C070125E268AAB185
:10D9800065F07F03D9B203F07F031033DA40D2078A
:10D990000ED4E368EB40DB0705D5B0693A46E9B23F
:10D9A00000F09BF850B90135102DE7D12468E1E76C
:10D9B000B0693A4600F091F80028EAD0F8BD00209E
:10D9C000FCE72DE9F347556800246F790646894640
:10D9D000A0462B79A34203DC002002B0BDE8F0870B
:10D9E0004946E3B23A463046FFF7C6FE014650B11B
:10D9F000CDF80080E3B201223046FFF76DFF00282A
:10DA0000EBD10134E5E76FF03C00E6E72DE9F743A1
:10DA100080460D461746FFF7BFFE064628B96FF051
:10DA20000104204603B0BDE8F0830F2DF7D808EBC2
:10DA30000509014699F83A4000972B4600224046D6
:10DA4000FFF74AFF0028EAD100942B460222314614
:10DA50004046FFF741FF04460028E2D100972B46DD
:10DA6000012231464046FFF737FF04460028D8D14F
:10DA7000706883685B6813B13A462946984789F80D
:10DA80003A70CEE711F0800F18BF21F080010268D4
:10DA90004FF0010318BF10318B4022EA03020260ED
:10DAA000704737B58B7900938B880D461446CA783A
:10DAB000897800F0BDFD70B995F90230AA78216827
:10DAC0008342B8BF22F080024FF00103B8BF10328A
:10DAD00093400B43236003B030BDF8B506460D46B6
:10DAE000174600F0E4FD044658B929463846FFF7CA
:10DAF000C9FF2946304600F0A2FE044608B902F0EC
:10DB0000B7F82046F8BD0A468069802100F0C7BEFC
:10DB10002DE9F0410B7E5A0606460C462ED123B362
:10DB2000FFF7AAF970BB3046D6F87080258AF78DCA
:10DB3000FFF779F9F8B1431E584258418001238A12
:10DB40009BB1BD42F28D2B4628BF3B469A420CD971
:10DB5000B3FBF0F200FB12333BB994F91830002B01
:10DB6000BEBF637E43F008036376B0692146BDE81B
:10DB7000F04100F00DBE98F80700E0E76FF01500E7
:10DB8000BDE8F0814FF0FF30FAE743689869FAF793
:10DB9000D9B970B591F918304568002B06460C4686
:10DBA00007DBC4F81A60A8692146BDE8704000F0A0
:10DBB000EFBD2846FFF760F90028F2D04FF0FF30A4
:10DBC00070BD806900F090BE38B5054680690C468E
:10DBD00000F089FD60B914F0800F18BF24F08004B4
:10DBE0006A6B4FF0010318BF1034A34013436B63FB
:10DBF00038BD70B5054680690E4600F09DFD0446AF
:10DC000020B9314605F13400FFF73CFF204670BDD6
:10DC1000406B21F0800311F0800F03F1100308BF67
:10DC20000B46D84000F00100704782B000230093FB
:10DC3000C3698DF80010019223B1DDE9001202B032
:10DC4000FAF7F4B802B0704782B000230093C369BA
:10DC50008DF80010019223B1DDE9001202B0FAF74D
:10DC6000E5B802B07047704703695B68D8687047D1
:10DC700043680361037A63B1012B0CBF02230323C2
:10DC80004375437A5A1E032A05D8DFE802F00505DA
:10DC900005050123F4E700230375837A062B09D0D9
:10DCA000072B09D0052B0CBF002303238375837E2C
:10DCB000C37570470123F9E70223F7E7036993F877
:10DCC000480030B15A6C9388918910695B1A9BB2F5
:10DCD000C01A7047036993F840007047036993F8CE
:10DCE000480008B993F8400070470369C3E9081277
:10DCF0007047BFF35B8F0068BFF35B8F084100F094
:10DD00000100704703691B69BFF35B8F903353E8D1
:10DD1000001F41F0020143E80012002AF7D1BFF3CF
:10DD20005B8F704738B50469EFF31185202383F3C7
:10DD30001288606CFEF764FF85F3118810B101232F
:10DD400084F8493038BD38B5034640681B695D68C2
:10DD5000AC68A37A84F8223094F82D3084F823300C
:10DD6000A376696841B1237C33B9FFF753F918B939
:10DD70006868FFF7D3F92074002038BD38B54B78B8
:10DD8000046945682069202B04D0222B16D06FF03F
:10DD9000850012E0CB88072BF9D16AB1D3681A68E5
:10DDA00042609A8802819B798372FFF761FF224665
:10DDB00008212846FFF748FF002038BDCB88002BFC
:10DDC000E5D14B888381C3F3400203F0010302765F
:10DDD000437622460921ECE770B504690E46A06B34
:10DDE00001F08FFE054698B10C30FFF70BF830704C
:10DDF0002B8A0BB1002070BDA06B00220023FCF722
:10DE0000A7FFF9F7D3F904F18000FDF783F9F1E7F3
:10DE10004FF0FF30EFE770B54B78212B12D1CD8852
:10DE2000036940681E69072D28BF07252946FFF7AB
:10DE30006AFE044620B12A46311D0C30FEF7B0FFC1
:10DE4000204670BD0024FBE701238B40DB43BFF37A
:10DE50005B8F50E8002F1A4040E800210029F8D1DC
:10DE6000BFF35B8F7047006902219030FFF7ECBF72
:10DE7000006903219030FFF7E7BF08B5036918690F
:10DE8000002101779030FFF7DFFFBDE80840012156
:10DE9000FFF7DABF0369186901219030FFF7D4BF9B
:10DEA0002DE9F04750F8503C00F140075B6806460A
:10DEB00000213846D3F80090FFF71BFF00285DD003
:10DEC00001213846FFF715FF8046002856D156F845
:10DED0000C3C5A89DB889A4203D116F8353C002B5A
:10DEE0004CD0BFF35B8F57E8004F44F0100347E876
:10DEF0000032002AF7D1BFF35B8F14F010043DD13C
:10DF0000D9F810305B689B68402293F83610484679
:10DF1000FFF73BFE054650B938460421FFF794FF52
:10DF200030462122BDE8F0470023FDF75FB916F81F
:10DF3000343C33B1428AC16856F80C0CFEF780FEBF
:10DF40000446214605F10C00FEF724FF34B114F01D
:10DF50003F0F0CBF4FF001084FF0000806F8358C5A
:10DF600029464846FFF715FE40B12846F9F71EF945
:10DF700038460421BDE8F047FFF766BFBDE8F087EB
:10DF80002DE9F84F07698A46904600244FF00109B1
:10DF9000B86B01F0B6FD0646F8B144451DD0058AC0
:10DFA000A8EB04039D42A8BF1D4629460C30FEF78E
:10DFB00021FF2A4601460AEB040001F0FBFF338AE9
:10DFC0002C44002BE4D1B86B00220023FCF7C0FEE8
:10DFD000F9F7ECF887F84190DAE72046BDE8F88FCA
:10DFE00070B550F8803C5B680546002110301E6813
:10DFF000FFF77FFE18B3012105F11000FFF779FE4E
:10E00000E8B955F8440C00220023FEF7ACFE0446A4
:10E01000A8B1438A402B28BF4023438233695B6801
:10E020009B6893F83D30037601463046FFF7B1FD1B
:10E030000028E6D02046BDE87040F9F7B7B870BDBB
:10E04000F8B50646476800690B7E046940680D46CE
:10E050008068D2B190F836209A4204D1042104F1AC
:10E060009000FFF7F1FE33692A7E5B689B6893F8A6
:10E0700026309A4203D104F19400FCF7E7FE2946CA
:10E080003846BDE8F840FFF79CBD90F83D209A4225
:10E0900013D10B8A43B90846F9F788F804F18000D8
:10E0A000FDF738F80020F8BDA06B01F00BFD236AE6
:10E0B000002BF7D004F12800F2E790F836209A42BE
:10E0C00015D1236A1BB104F12800FDF723F80421C0
:10E0D00004F19000FFF7B8FE237FABB9002340F6B0
:10E0E000CD4204F15000FDF781F801232377336915
:10E0F0002A7E5B689B6893F826309A42BFD104F170
:10E100009400FCF751FEBAE7636C5A89DB889A42A7
:10E11000EDD00022002304F15000FDF767F8E6E798
:10E1200038B550F8083C0446002B50D050F8283C35
:10E130005B681A6800230383038402216830FFF7B9
:10E14000D8FDC8B154E9023110699847637E1BB10C
:10E1500004F15800FCF7DEFF042104F16800FFF72A
:10E16000C8FDA8B994F8213073B10022002304F14E
:10E170002800FDF73BF80BE0032104F16800FFF7EE
:10E18000B8FD0028DED1E1E714F80D3C002BECD1FE
:10E19000022104F16800FFF7ACFD28B123691B6878
:10E1A00013B12046FCF7B6FF032104F16800FFF726
:10E1B000A0FD60B1E2699388918912695B1A9BB2F4
:10E1C0009A4204D02046BDE83840FCF7A3BF38BDD2
:10E1D00008B5036903F1900202211046FFF789FD9B
:10E1E00020B1996B0868003818BF012083F84000FF
:10E1F00003211046FFF77DFD40B15A6C908891894C
:10E200001269401A80B2801A18BF012083F84800B2
:10E2100008BD0069BFF35B8F00F1900353E8001F56
:10E2200041F0080143E80012002AF7D1BFF35B8FE9
:10E23000426C9388918912695B1A9BB29A4202D010
:10E240002830FCF767BF704710B50469BFF35B8FD8
:10E2500004F1900353E8001F41F0040143E8001269
:10E26000002AF7D1BFF35B8FA36B1B681BB104F1CE
:10E270002800FCF74FFF04F18000BDE81040FCF7D8
:10E2800049BF10B503691C69BFF35B8F04F19000AF
:10E2900050E8002F42F0010240E800210029F7D1A8
:10E2A000BFF35B8F0221FFF724FD10B11846FFF783
:10E2B000CBFF236A1BB904F18000FCF72BFF01237D
:10E2C000E37604F150000022BDE810400023FCF783
:10E2D0008DBF38B50446807AF8F7C8FE61690546F7
:10E2E00049B1637ADB0704D4C3691B6820469B6885
:10E2F00098470023636121462846BDE8384001F075
:10E30000F1BB10B50906847C14D414F0400127D069
:10E31000018AC3F30A00C1F30A01884220D802F03F
:10E320000300022809D003280AD0012811D004F0E4
:10E33000010004E014F02001E9E7C4F3800010BDFF
:10E3400014F00200FBD013F4C05F0BD0C4F3001034
:10E35000F5E714F0080207D013F4C05FEFD0F5E73B
:10E360000020ECE70120EAE71046E8E7BFF35B8F07
:10E37000D0F8A000BFF35B8F00F001007047BFF33F
:10E380005B8FD0F8A000BFF35B8FC0F340007047F5
:10E39000026902F1A003BFF35B8FD2F8A020BFF3A4
:10E3A0005B8FBFF35B8F51B153E8001F41F0040155
:10E3B00043E80012002AF7D1BFF35B8F704753E8A0
:10E3C000001F21F0040143E80012002AF4D0F6E710
:10E3D00001F00F03026911F0800F03F1100018BF64
:10E3E000034652F823007047C07D7047C1757047DF
:10E3F00038B502691046FFF7B9FF044678B9087EC0
:10E4000000F00F0303F1100510F0800F18BF2B462A
:10E4100042F82310084601F04DFB204638BD6FF04E
:10E420000C00FBE700220023FCF792BC01F069BB63
:10E4300001F048BB407EC0F3C0007047437E23F02C
:10E440000803437670471FB503698DF80410CDE9C2
:10E450000220D3F8983001A9984705B000BD1FB538
:10E460000469034606208DF804002046CDE9021316
:10E47000FFF77CFF40B1C1F81E20D4F8982001A915
:10E480001846904704B010BD4FF0FF30FAE738B59A
:10E4900005460C462046FFF7C5FF014600B938BDCA
:10E4A0006FF070022846FFF7DAFFF3E72DE9F84333
:10E4B00005690746D5F80090D5F840800E464FF024
:10E4C000FF324FF0FF3305F18400FCF70BFB4046B1
:10E4D000FFF7A8FF0146E0B94846FFF7A3FF04464F
:10E4E000E8B9002389F8173088F8173024BB0122D7
:10E4F00085F8B020EEB13368C5F8A8307368C5F868
:10E50000AC3085F8B12038698430BDE8F843FCF7B9
:10E5100089BB6FF067023846FFF7A1FFD7E7637E3C
:10E52000DB07DED46FF0670221463846FFF797FF1E
:10E53000D2E785F8B160E6E72EB10822314604F152
:10E540000C00FEF72DFC002221463846FFF787FF1E
:10E55000D9E72DE9F843054614461F46FFF738FF73
:10E5600089460646002837D0D5F808802846D8F8CE
:10E570003C30984749463B8822463046FFF7C1FE6B
:10E58000814690B18BB92B6993F88030DB0758BF77
:10E59000402204F0030446BF4FF480624FF4007140
:10E5A0001146022C0DD0032C11D02846D8F840304B
:10E5B0009847B9F1000F14BF00206FF08500BDE847
:10E5C000F883338A8B4228BF0B463B80EDE7338AC2
:10E5D000934228BF1346F8E76FF01200EFE72DE9EA
:10E5E000F041064690461F46FFF7F2FE0446E0B1B2
:10E5F000057DBDB93B464246FFF783FEA8B1B3682F
:10E600009DF8182084F81980678322776575A575B1
:10E610009B69214630469847B0FA80F35B09237521
:10E62000BDE8F0816FF07700FAE76FF01200F7E7CE
:10E630002DE9F34198464B0605460C4617461AD07D
:10E640008668F36B98472869FFF799FE80B19DF8BB
:10E6500020300093214643463A462846FFF7BFFF45
:10E660000446336C28469847204602B0BDE8F08146
:10E670004FF0FF34F5E76FF01504F5E738B50546C0
:10E68000FFF7A6FE044660B1037D6BB1AB6801469F
:10E69000DB692846984710B1237D237538BD0346B2
:10E6A000FBE76FF01200F9E76FF07700F6E74B0633
:10E6B00070B505460C4613D08668F36B98472869F9
:10E6C000FFF754FE48B121462846FFF7D7FF04461E
:10E6D000336C28469847204670BD4FF0FF34F7E76B
:10E6E0006FF01504F7E770B586680546F36B0C46C6
:10E6F00098472869FFF743FEA8B121462846FFF74F
:10E7000067FE014690B1037D83B1437E03F00303AE
:10E71000012B0ED0F3682846984704462846336CF0
:10E720009847204670BD4FF0FF34F7E76FF01204B2
:10E73000F4E76FF08504F1E7F8B587680546FB6BF1
:10E740000C4698472869FFF71AFEC0B121462846B3
:10E75000FFF73EFE0646A8B1037D9BB1437E03F062
:10E760000303012B11D001463B6928469847044614
:10E7700000B9707528463B6C98472046F8BD4FF0AD
:10E78000FF34F7E76FF01204F4E76FF08504F1E768
:10E79000F8B587680669FB6B05460C4698472869FB
:10E7A000FFF7EDFD70B3217E2846FFF711FE60B341
:10E7B000037D53B34A061FD196F8B030E3B1637EB0
:10E7C000DB0716D596F8B13033B1082206F1A8015F
:10E7D00004F10C00FEF7E4FA002286F8B02021468E
:10E7E0002846FFF73CFE044628463B6C98472046E7
:10E7F000F8BD6FF06702F2E701467B6822462846C3
:10E800009847F0E74FF0FF34EEE76FF01204EBE7C4
:10E8100070B5866805460C46F36B98472146284636
:10E82000FFF7D6FD48B101F06CF9B0FA80F4640945
:10E830002846336C9847204670BD0124F8E770B530
:10E8400086680546F36B0C4698472869FFF78EFDEE
:10E8500080B121462846FFF7BBFD014668B1046838
:10E860001CB1B3682846984704462846336C98473D
:10E87000204670BD4FF0FF34F7E76FF01204F4E765
:10E8800008B503691B6800215A8BF9F75BFB28B1B7
:10E89000437E23F0070343F00103437608BD08B528
:10E8A00039B903691B685B8B013A1A44B2FBF3F276
:10E8B0005A43F9F747FB28B1437E23F0070343F09F
:10E8C0000203437608BD08B561B903691B685A8B1A
:10E8D000F9F738FB28B1437E23F0070343F0040324
:10E8E000437608BD0022F3E770B585680E46EB6BF2
:10E8F000044698473046F8F759FC20462B6C984759
:10E90000002070BD70B586680546F36B984728698E
:10E91000FFF735FD18B133683BB1284698470446E8
:10E920002846336C9847204670BD0124F8E7F8B5B7
:10E9300087680669FB6B054698472869FFF716FD4F
:10E94000D8B12869FFF71BFDD0B9FB6A2846984764
:10E95000044668B9BFF35B8F06F1A00353E8001FBC
:10E9600041F0020143E80012002AF7D1BFF35B8FA8
:10E9700028463B6C98472046F8BD4FF0FF34F7E738
:10E980006FF07704F4E7F8B587680669FB6B044617
:10E9900098472069FFF7F3FCB0B13B6B20469847DE
:10E9A000BFF35B8F054606F1A00353E8001F21F07B
:10E9B000020143E80012002AF7D1BFF35B8F204623
:10E9C0003B6C98472846F8BD6FF07705F7E72DE9CF
:10E9D000F04106468846144629B322B38768056984
:10E9E000FB6B98473069FFF7C1FCC8B9C5E92684BD
:10E9F00030467B6B9847044660B9BFF35B8FA03508
:10EA000055E8003F43F0010345E80032002AF7D102
:10EA1000BFF35B8F3B6C304698472046BDE8F081E2
:10EA20006FF07704F6E76FF01504F6E7F8B587683E
:10EA30000669FB6B044698472069FFF7A0FCD0B934
:10EA40002069FFF793FCC8B1BB6B20469847BFF322
:10EA50005B8F054606F1A00353E8001F21F001017A
:10EA600043E80012002AF7D1BFF35B8F20463B6CCE
:10EA700098472846F8BD6FF00F05F7E76FF0770568
:10EA8000F4E74FF08053D3F83021082A05D1D3F8AA
:10EA90003401003818BF012070470020704780F013
:10EAA000FF03DB0900F00F0000EB0310704708B50F
:10EAB00000F07AFEFBF716FD002008BD01238B4015
:10EAC000BFF35B8F50E8002F1A4340E80021002974
:10EAD000F8D1BFF35B8F704700698430FCF7A2B8B0
:10EAE000006984304FF0FF324FF0FF33FBF7FABF7D
:10EAF00010B5807A0C46F8F7B9FAC3692146586810
:10EB0000BDE8104000F0C4BED3B5807A0C4616466E
:10EB10001F46F8F7ABFA2368C069CDE900670333F5
:10EB2000406823F003020421FBF7D0FE00B9206007
:10EB300002B0D0BD0069002104301047036993F88A
:10EB4000280000F007007047006911460430FDF707
:10EB500069BF00690430FDF7B0BF10B50469043423
:10EB600011462046FDF7C9FF10F1780F04D1204669
:10EB7000BDE81040FDF7A1BF10BD1046FCF714B969
:10EB8000EFF31182202383F31288036803F0C0039C
:10EB900043F00203036082F311887047F8B50469FB
:10EBA0004668EFF31185202080F31288A06A00F0F8
:10EBB0000707012F08D1A36285F31188C4E9081261
:10EBC000336898470020F8BD00F0C000834285F309
:10EBD00011880CBF6FF077004FF0FF30F3E711465C
:10EBE0001A468023FFF7DABF10B50469EFF31182EC
:10EBF000202383F31288A36A13F0C00306D099423E
:10EC000004D082F311884FF0FF3010BD0123A362BE
:10EC100082F3118843685B6898470020F5E78021FC
:10EC2000FFF7E2BF70B504460D4650F8040C4021D2
:10EC3000FFF7DAFF2B4601462046BDE87040184733
:10EC400070B5036900211D6A196204460069283005
:10EC5000FFF796FF35B1236920465A6A2B46BDE877
:10EC60007040184770BD00F0CFBAFBF707BA436891
:10EC70005B68D3F810350B600020704743685B6811
:10EC800002EA010021EA0201C3F80805C3F80C15E5
:10EC90000020704743685B680020C3F80815704780
:10ECA00043685B680020C3F80C15704743685B68D5
:10ECB000D3F8042521EA02001140C3F80805C3F87F
:10ECC0000C150020704730B50369586800B3002464
:10ECD000884219D108688CB99C685860A14200D15B
:10ECE0009860002008602AB15A680A609A685960E2
:10ECF00002B9996000200FE02846E9E72060986893
:10ED0000814208BF9C60ECE705680446002DF3D102
:10ED1000002AE9D16FF0150030BDFBF7C9BA13B571
:10ED20004FF080520829136E526E28BF082112BA84
:10ED300000921BBA0C460A466946019301F03AF963
:10ED4000204602B010BD30B543681360057A4468B0
:10ED500004EBC504A34202D36FF0010030BD5C791F
:10ED60008C4203F10803F0D10020F7E743681B68E9
:10ED7000D3F88004C3F88004704742681368D3F85E
:10ED8000100150B1D269002012780A70C3F8100146
:10ED9000D3F8102101221A6070474FF0FF307047FE
:10EDA000002A0FDD42681368D3F8100158B1002023
:10EDB000C3F81001D269D3F8100112780A7001204B
:10EDC000186070470020704710B543681C680369DD
:10EDD000EFF31180202282F312881A68D17B39B9AF
:10EDE00091731B680122DA734FF48003C4F8043373
:10EDF00080F3118810BD03691A68D17B21B101210C
:10EE000091731B680022DA73704702691168CB7B2B
:10EE10004BB143681B68D3F8580128B100230B613C
:10EE20001368988970471846704743681B68D3F881
:10EE30001001003818BF0120704743681B68D3F8E1
:10EE40000423D2065CBF1022C3F804237047436832
:10EE50001B68D3F80423D20644BF1022C3F808234A
:10EE6000704743681B684FF40072C3F8042370476F
:10EE700043681B684FF40072C3F80823704738B525
:10EE800043681D68D5F804335B02044605D4D5F801
:10EE9000040310F0100006D138BDFFF7B6FF0028BC
:10EEA000F5D00120F8E72046BDE83840FFF7BDBFA8
:10EEB0000369186801601B685A6070470268D2F8DD
:10EEC000583143B90179C90707D4D2F82001C01AD3
:10EED00018BF01207047012070471846704710B4D2
:10EEE000436802691B68D3F80413C90513D5D3F826
:10EEF000201181B1EFF31181202484F31288D3F81B
:10EF0000204134B10024C3F82041D3F8204101242A
:10EF1000DC6081F311881168D3F8584171B17CB17C
:10EF200000240C611168C97B19B94FF48001C3F842
:10EF3000081311688C7B1CB100238B7310BC7047C5
:10EF4000D3F8241119B1C3F82441D3F8243112683D
:10EF50001368002BF2D010BC5168184713B501AAF2
:10EF60000446FFF7F0FE002805DB019B22681979B3
:10EF70001868FAF78FFB02B010BDF8B500220546FD
:10EF800001210220F7F7D8FD0220F7F7A5FD6C68F4
:10EF90000121E068FFF7E2FF6B681A682369C2F895
:10EFA0002435617D237D0B43A17D0B43DBB2C2F889
:10EFB0006C356E68D6E9004313F001030ED02F695B
:10EFC00004F10C0107F10C0204F5907000F0DEF87A
:10EFD00000283ADB387BFAF7C1FF01230822C4F886
:10EFE0000025B269C4F8442501210022C4F848254F
:10EFF000A1606BB9D4F82031002BFBD0C4F82021DC
:10F00000D4F820310123E3604FF48073C4F8043353
:10F01000D4F85831002BFBD00021C4F800156D68DE
:10F020002C68E868FFF79AFF0823C4F800352A7AAD
:10F0300052B9EB69C4F834350123C4F83835C4F843
:10F040001021D4F8102123600020F8BD2DE9F041F3
:10F0500005692B6807469C89BFF35B8F1033012637
:10F0600053E8000F002804D143E8006CBCF1000F06
:10F07000F6D1BFF35B8F2AD194422B68A8BF144608
:10F080009868224600F096FFEFF31188202383F35F
:10F0900012887F683846FFF711FF2A6830B910617F
:10F0A000044688F311882046BDE8F0813B689268E9
:10F0B000C3F844250022C3F84845C3F82021D3F8FB
:10F0C0002011C3F85821D3F858219E60E9E70CBFFE
:10F0D00001240024E7E700F150039B009BB203F1F9
:10F0E000804303F5883300221A601B687047FAF7E3
:10F0F000E3BC4FF08053D3F83021082A03BFD3F884
:10F100003401B0FA80F04009002070470346002027
:10F11000184700F050BB10B502461168B1B1BFF3FB
:10F120005B8FB1FA81F3C3F11F000123834021EA11
:10F13000030352E8004F8C4204D142E8003CBCF18A
:10F14000000FF6D1BFF35B8FE7D110BD6FF00B005E
:10F15000FBE710B50368CB40DB0714D401238B40D9
:10F160000268BFF35B8F43EA020150E8004F94420C
:10F1700004D140E8001CBCF1000FF6D1BFF35B8F57
:10F18000EED1002010BD6FF01500FBE770B50C4606
:10F190000021054608461646FAF7D2FE48B93378EC
:10F1A000DB0003F1804303F5F833C3F81055C3F8CF
:10F1B000144570BD4FF08053D3F83021082A06D192
:10F1C000D3F8340102288CBF0020012070470020B2
:10F1D0007047FAF7CBBE38B54FF080440223C4F82D
:10F1E00008330123E3600023C4F80431D4F8043168
:10F1F00042F21075D4F81834DB0304D50120FFF770
:10F2000088FF013DF6D138BDFFF7E5BFF7B50190A6
:10F2100001A8DDE9084517461E46FAF7A7FF019B3E
:10F22000B7F1000C18BF4FF0010C00EB83000B1E70
:10F2300018BF0123002E43EA4C030CBF4FF0000C13
:10F240004FF00C0C002C43EA0C030CBF4FF0000CE9
:10F250004FF4E06C002D43EA0C03D0F800270CBFFC
:10F260004FF0000C4FF4403C43EA0C0322EA030346
:10F2700001B109780FB13F787F0019430EB136789C
:10F28000B60039430CB12478240231430DB12D78F6
:10F290002D040C432C43C0F8004703B0F0BD1FB54C
:10F2A0000DF10F03019300238DF80F1000931A4600
:10F2B0001946FFF7ABFF05B000BD10B50446084680
:10F2C000FAF764FF04EB4004207DC0F3401010BD4A
:10F2D00010B504460846FAF759FF04EB4004207DB8
:10F2E000C0F3400010BD10B504460846FAF74EFFC3
:10F2F00004EB4004A08A400B10BD70B504460846DC
:10F300001646FAF743FF08300D4634F81030DA0598
:10F3100009D5C3F3432304EBC302314654F8333019
:10F32000526828469847A3682BB1E26831462846C0
:10F33000BDE87040184770BD10B504460846FAF79E
:10F3400025FF04EB4000838ADA051DD5C3F3432172
:10F3500023F4F853838204F1120204F1720032F8AC
:10F36000023F13F4807F03D0C3F3432399420BD0B1
:10F370008242F4D104EBC10300225A6004F1780008
:10F38000BDE81040FFF7E5BE10BDF0B5034600F53F
:10F390008074002005460127844695420AD1D3F89F
:10F3A0007C2132B10022C3F87C21D3F87C3140F0BB
:10F3B0000040F0BD25F0404607FA06F6314209D07C
:10F3C000D4F800E0BEF1000F04D0C4F800C0D4F8B7
:10F3D00000E0304301350434DFE738B504460D461C
:10F3E000FFF76BFFA8B12046FFF772FF88B92046F0
:10F3F000FFF779FF226801238340C2F808332368AE
:10F4000003EB8000D0F8103523F00303C0F810356B
:10F4100038BD28460021BDE83840FFF740BF2DE940
:10F42000F043174685B004460846FAF7AFFED7F812
:10F4300000800E460546B8F1000F1DD02046FFF7AC
:10F4400047FF18B12046FFF738FF18BBCDE9000091
:10F450008DF80E008DF80F0043460DF10F020DF1EF
:10F460000E013046FFF7D2FE04EB4502938A23F0EB
:10F47000020343F0010393827B688BB3314620463D
:10F4800093F80080D3F80490FFF722FF28B1B9F178
:10F49000000F1DD06FF0150025E004EB45018B8AAD
:10F4A00023F4604323F020038B82B9F1000F0FD0C7
:10F4B000B8F1030FEED87B685B681878236803EB1C
:10F4C0008003B8F1000F11D1C3F81085C3F810857F
:10F4D00004EB4502938A23F01C0343EA88039382DA
:10F4E000BB6853BB002005B0BDE8F083D3F81025FE
:10F4F00022F00302C3F81025226802EB8002D2F842
:10F50000103523F44F3323F44073C2F8103533021F
:10F51000D2F810C503F47C5343EA084343EA0C03D2
:10F52000C2F8103504EB4003A3F87C608B8A43EAF1
:10F53000403343F020038B82CAE7D3E90078314699
:10F540002046FFF7F9FE002FCCD063689F4206D01B
:10F5500004F17800FFF7DFFD002804DAC3E7A368B1
:10F560009845F5D1002004EBC003C3E9017804EB12
:10F570004504A38A43EA402343F48073A382B1E79E
:10F580002DE9F043054685B0084616461F46FAF7B2
:10F59000FDFD0C46804626B32846FFF799FE18B9B4
:10F5A0002846FFF78AFE18BB05EB4809B9F8143066
:10F5B00003F01C0313B17378012B19D001238DF8CC
:10F5C0000F300023CDE90063721CB31C0DF10F0155
:10F5D0002046FFF71BFEB9F8143043F00303A9F8E7
:10F5E0001430002F3ED021462846FFF771FE20B987
:10F5F0006FF0150005B0BDE8F0833E782B6803EB93
:10F600008603002205EB4800C3F81025C3F8102537
:10F61000838A23F4604323F020038382797809B33B
:10F620002A68BF7802EB86020904D2F8103523F469
:10F63000991323F4F853C2F81035230201F4403132
:10F6400003F47C530B433905D2F8105501F48011B3
:10F650000B432B43C2F81035838A43EA463343F009
:10F66000200383820020C5E7C0E90312704738B544
:10F6700004461546FFF721FE48B10846FAF786FD15
:10F6800004EB40040020A38A5B0B2B7038BD6FF0A5
:10F690001500FBE738B590F88C4005469CB9602210
:10F6A0002146143000F094FC2868C0F87C41D0F862
:10F6B0007C3140F30730F7F70FFA012385F88C30DF
:10F6C000AB67204638BD6FF07700FBE790F88C0001
:10F6D000003818BF01207047FAF79CBD2DE9F341AF
:10F6E00004469046FFF7E9FD0D462668F8B120462E
:10F6F000FFF7EEFD0746D0B92046FFF7F4FD820084
:10F7000002F58073F750F35823681344D3F810259B
:10F7100042F00102C3F81025B8F1000F04D02268AE
:10F7200001238340C2F8043302B0BDE8F081D6F86B
:10F730000433002BA4BF4FF00043C6F8043328461F
:10F74000FAF724FD04EB4004A38AC3F38203042BDD
:10F7500012D0052B12D001A80195FAF707FD019BE5
:10F76000D0F81015D94001F001010231284602B04D
:10F77000BDE8F041FFF793BD0321F7E70221F5E76C
:10F78000FFF72BBE00F180431A68101E18BF01203E
:10F7900012B100221A601B6870474FF080434FF48B
:10F7A0006072C3F8042370474FF080434FF46072D7
:10F7B000C3F80823704708B1F7F728BD704710B5A4
:10F7C000436904463BB90020E268537843F00103E3
:10F7D0005370404210BD98470028F4D00028B8BFAD
:10F7E0004042E368FF28A8BFFF201870ECE740B153
:10F7F000C368587810F001001EBF1878B0FA80F086
:10F8000040097047EFF31183202383F31288FEE74A
:10F810002DE9F04F89B0DDE9125680463346934614
:10F8200006A82A46059100F008FBDDE90634CDE97B
:10F830000234EFF311844FF0200989F3128808F1A4
:10F840000C070599149B5A464046984720B184F30B
:10F85000118809B0BDE8F08F3543F8D0DDE9022307
:10F8600006A800F00FFBDDE906563A46CDE9005642
:10F87000214608F11400FBF797FFEFF3118489F399
:10F880001288DEE700F10C03C0E90333FDF70AB884
:10F8900038B50546EFF31184202383F31288FCF773
:10F8A0000FFF05F10C0000F04DFA30B1214605F1D3
:10F8B0001400BDE83840FBF7FFBE84F3118838BD63
:10F8C00010B542696AB1836842EA0301890708D129
:10F8D0000169A2FB011424B95B182CBF0121214648
:10F8E00002D36FF0150005E0C1609B1A02698A42DD
:10F8F00001D8002010BDC2681A604269C36001319E
:10F900009B1AF3E72DE9F04105460F46EFF3118806
:10F91000202383F31288C668FEB90468A0421CD075
:10F92000DCB1D4E9003213605A60237CA66023F076
:10F9300002032374C4E9006604F11800FCF7A0F97F
:10F940002046C4F890606761FBF7BAFD414605F1B7
:10F950000800BDE8F041FBF7AFBE3E60AB69EF6069
:10F96000013BAB6188F31188BDE8F08110B520241C
:10F97000EFF3118384F31288FDF7A9F9F8E7D0E9D2
:10F98000003213605A60027C002322F00202C0E9B8
:10F99000003302748360704713B501240094FAF7B2
:10F9A000DFFF02B010BD90F90E308B4201D0FBF7A3
:10F9B00029BF0020704703460020C3E90200C3E9C5
:10F9C000003318617047D0E9003213605A60027C3E
:10F9D000002322F00202C0E9003302748360704702
:10F9E00010B5044630B10278930703D0446809B1DA
:10F9F00000F0D1FA204610BD2DE9F84390469DF85D
:10FA00002020099F04460D4602B14568A66804F10E
:10FA100008094E4516D0AEB13046FFF7D4FF00249A
:10FA200006F11800FCF72CF93046C6F89040C6F8ED
:10FA30001480FBF745FD48463946FBF73DFE20465E
:10FA4000BDE8F8839BB10820FCF730FA78B30123B6
:10FA5000C0F804800360027802F003025DB92368F5
:10FA600013430360636820606BB960600BE0C8F803
:10FA700000304046EFE72B68032B0ED80260626827
:10FA80002AB9C4E90000002087F31188D8E7137869
:10FA900003F0030303431360E7E723F00303134377
:10FAA00003602B7803F0030318432860EBE76FF043
:10FAB0000B00E9E70023C0E9003300F10803C0E9C7
:10FAC0000233704707B50A46EFF31183202181F313
:10FAD000128801930123009300231946FFF78CFF3E
:10FAE00003B000BD07B50A46EFF31183202181F36F
:10FAF00012880193002300931946FFF77DFF03B09E
:10FB000000BD10B5EFF31184202383F31288002188
:10FB10000068FFF765FF84F3118810BDF8B5C3686E
:10FB200023F00802C3F3C0061B070D46C26007D5C9
:10FB300000F1100420272046FCF7A2F80B3001D07A
:10FB40003046F8BD2B6883F31188EFF3118387F3F8
:10FB500012882B60EFE738B5E0B150F8A44F84422B
:10FB600018D0BCB1D4E9003213605A60237C002560
:10FB700023F00203C4E900552374A56004F11800C2
:10FB8000FCF77EF8C4F8905065612046BDE8384027
:10FB9000FBF796BC38BD13B5EFF31184202383F334
:10FBA00012880023019350F8043C23F008021B073D
:10FBB00040F8042C05D58369019301A91038FBF79F
:10FBC0003DFA84F3118802B010BD10B510220C4626
:10FBD000002100F0FDF9446010BD10B530220C4644
:10FBE000002100F0F5F94FF480724460C26010BD4E
:10FBF000EFF30580003818BF012070476FF0570001
:10FC000070470020704738B50446EFF31185202374
:10FC100083F31288037C5B070ED51830FCF730F8AD
:10FC2000237C23F0040320462374FBF749FC284679
:10FC3000BDE83840FBF750BD85F3118838BD38B5B5
:10FC40008589EFF31181202383F31288037C13F05D
:10FC5000080402D081F3118838BD0122FBF79AFC19
:10FC6000EB07F9D584F311880423184602DFF3E784
:10FC7000FBF75ABDD0E9003213605A600023C0E997
:10FC80000033704708B5FFF7F5FF037C23F002034C
:10FC900003740023836008BD10B5EFF311842023A3
:10FCA00083F31288FBF70CFC84F3118810BD38B580
:10FCB00004460D46FBF744FC237C43F00203237407
:10FCC000D5B1A5602B689D4209D16B68C4E900538A
:10FCD0001C606C6010E06A689342F6D01B68002BD1
:10FCE000F3D093F90E1094F90E209142F3DD5A6887
:10FCF000C4E9003214605C6038BD08B5037C03F0D1
:10FD00002803014663B983680BB1FFF7BBFF0B7C87
:10FD100023F004030B740846BDE80840FBF7D0BB92
:10FD200008BD38B50546EFF31184202383F312880C
:10FD3000FBF7E2FF18B9A5F11800FFF7DEFF84F327
:10FD4000118838BD70B50546EFF31186202383F383
:10FD5000128804680020A5420DD064B12046FFF748
:10FD600091FF04F11800FBF78BFF2046FBF7A8FB7F
:10FD70002C680120EFE786F3118870BD2DE9F0476C
:10FD80000646884691469A46EFF31187202383F36F
:10FD90001288006886420BD10024B9F1000F02D00E
:10FDA00051462046C84787F311882046BDE8F087B2
:10FDB0000028F1D07368984214BF05680025002818
:10FDC000EAD05146C04704460028E6D125B1736801
:10FDD0009D4202D02C6800E02C4628462546EEE7DE
:10FDE00008B5FBF709FEBDE80840FBF73FBE08B5C4
:10FDF0000246FBF7A3FE6FF00041B8B18A4213D26E
:10FE0000D0E90230B0F1FF3F08BFB3F1FF3F03D0AC
:10FE10008B4270F1000003DB6FF00040801A08BDD8
:10FE20009A4201D2981AFAE70020F8E78A42F3D3FF
:10FE3000F5E708B5FBF7E0FF08BDB3F1FF3F08BFEA
:10FE4000B2F1FF3F70B506461D46144614D01A4362
:10FE500016D0002B08DBFBF7CFFF041941EB05019F
:10FE6000C6E90041304670BD6FF001031C1B4FF026
:10FE7000FF3363EB0501F3E74FF0FF342146EFE773
:10FE80000024FBE7B3F1FF3F08BFB2F1FF3FF8B535
:10FE9000074616461D460FD055EA020310D0FBF761
:10FEA000ABFFB0428C46A9410AD2321A65EB0C0571
:10FEB000C7E900253846F8BD4FF0FF321546F7E791
:10FEC0000022FBE72DE9F34702F00203174653EA4D
:10FED0000102DDE90AA904460D460AD0EFF31186B6
:10FEE000202282F312880BB1002383602DB986F3A0
:10FEF0001188002002B0BDE8F087FBF765FDA3681C
:10FF0000F907804603EA050008D5854208D17A073B
:10FF100044BF8343A36086F31188EBE70028F6D142
:10FF20005AEA0903E3D0C8E918572246CDE900A9E7
:10FF3000314604F10C00FBF737FC0028D9D1D8F882
:10FF40006000D7E710B50446D0E918020B6812F03C
:10FF5000010F03EA000301D0984210D17BB1236660
:10FF6000520742BF4A681A434A6004F11800FBF77F
:10FF700087FE0023C4F890302046FFF7BEFE002025
:10FF800010BD0A46FBF74CBF0A460021FBF748BFED
:10FF90005200FFF797BF10B558B1014651F8040D54
:10FFA000EFF31184202383F31288FCF789FB84F399
:10FFB000118810BD0A44914200F1FF3300D170470F
:10FFC00010B511F8014B03F8014F9142F9D110BD62
:10FFD00002440346934200D1704703F8011BF9E73E
:10FFE00010B5024601448A42134603D01C78013200
:10FFF000002CF8D1181A10BDF0B50446C3F137072C
:020000023000CC
:10000000104603F01F03082B264613D0102B18D0E0
:10001000022B4FEA54054FEA51021ED104F00106AB
:1000200045EAC1741146303654EA010200F8016B0A
:10003000E9D1F0BD04F00706E40844EA4174C908B8
:10004000F1E704F00F06240944EA01740909BA191A
:10005000D2B2092E88BF1646E5E7A40845EAC17565
:1000600044EA81742C1942EB9102210941EA0271A0
:10007000641842EB1212210A41EA0261641842EB51
:100080001222210C41EA0241641842EB1242A418E8
:1000900042F10002E40844EA4274D10804EB84020D
:1000A000A6EB4206F6B2092EBDD90134A6F10A0626
:0800B00041F10001F6B2CAE7BC
:1000B800317202000000000000000000300103005F
:1000C800000000004C010300A9A802000000000085
:1000D8000000000084010300000000006801030024
:1000E80000000000BC01030000000000A0010300A4
:1000F8001593020000000000A19B02000000000010
:10010800057002000000000000000000D801030094
:10011800B17C0200000000006562020000000000DF
:080128008D64020000000000DC
:10013000880B0300B0050300A00303009403002014
:10014000E00F002069910200000000008E0B030008
:10015000B8050300A003030096030020241000202C
:10016000F991020000000000940B0300C005030099
:100170007C030300980300205010002035950200F6
:1001800000000000A20B0300D40503007C03030061
:100190009A0300205C10002035950200000000004A
:1001A0005E0B0300B0040300D003030090030020A3
:1001B00030000020917E020000000000B00B030020
:1001C000E8050300140403009C030020F40200204F
:1001D0007BEF0200000000007A0B03008C05030097
:1001E000480503009203002040020020B183020072
:0401F000000000000B
:1001F400699002000DF1020000000000B7CC02007B
:10020400BC010300DFEE020000000000B7CC0200D6
:1002140000000000B7CC020000000000B7CC0200D0
:10022400780100201BED020000000000B7CC0200A2
:1002340000000000B7CC020000000000B7CC0200B0
:1002440000000000B7CC020000000000B7CC0200A0
:1002540000000000B7CC020000000000B7CC020090
:1002640000000000B7CC020000000000B7CC020080
:1002740000000000B7CC0200000000004D9C02000A
:1002840000000000B7CC020000000000B7CC020060
:1002940000000000B7CC020000000000B7CC020050
:1002A40000000000B7CC020000000000B7CC020040
:1002B40000000000B7CC020000000000B7CC020030
:1002C40000000000B7CC020000000000B7CC020020
:1002D40000000000B7CC020000000000B7CC020010
:1002E40000000000B7CC020000000000B7CC020000
:1002F40000000000B7CC020000000000B7CC0200F0
:1003040000000000B7CC020000000000B7CC0200DF
:1003140000000000B7CC020000000000B7CC0200CF
:1003240000000000B7CC0200018A02000DF10200B7
:1003340000000000B7CC020000000000B7CC0200AF
:1003440000000000B7CC020000000000B7CC02009F
:1003540000000000B7CC020000000000B7CC02008F
:1003640000000000B7CC020000000000B7CC02007F
:04037400E9A80200F2
:04037800BDBE020004
:10037C00659302006FEC02007DEC020095EC02002C
:10038C00A1EC0200ADEC020071950200C7EC02007A
:10039C0000000000AD9002001FEC0200DFEB020039
:1003AC00000000003DEB0200000000000000000017
:1003BC0049EB020053EB02005BEB02000000000073
:1003CC0000000000D9DD0200D57E02000000000014
:1003DC0025DD020081DF020013E2020071DE020063
:1003EC00BDDC020049E2020067DE020000000000F2
:1003FC00D5DC02000000000000000000DDDC020083
:10040C00D1E10200EBDC02007BED0200F997020067
:10041C006DED02004DF00200A1ED0200C9ED0200ED
:10042C00F7ED02000BEE02003BEE02004FEE020075
:10043C000BEE02002BEE020063EE020071EE0200E6
:0C044C007FEE020000000000B1EE020094
:100460000338FDD870470000840103000900110023
:10047000840103000F0000000000002000000000C5
:1004800000000B06020000008C04030000000000C6
:100490004A0B03002600020600000020520B030056
:1004A00022000B119D7002000000000043CD0200ED
:1004B0002C020020000000004B030020D8040300A1
:1004C00000000000A4040300D40403004000000066
:1004D00000000000340900204B03002053030020DB
:1004E0005C03002061030020660300206A030020F3
:1004F0006F030020760300207F0300208603002086
:100500008D0300200000000067DC02007DDD02009A
:1005100017DE020041E0020005DD020095DE020068
:100520000000000083E202007BDE020047DD0200E3
:100530000000000069DC020098050300BC030020F5
:10054000000000000000000000000000FD84020028
:100550006D830200C98102002585020000000000B1
:100560006981020045850200758E02004D830200FC
:1005700000000000E18E0200F9880200A182020062
:10058000AFEA0200E1EA0200D9EA0200300103000A
:1005900000000000E182020009EB02000000000000
:1005A000F1EA0200E190020025EC020000000000E8
:1005B000A1910200419102006BEC020067EC020085
:1005C000FFFF000000030050780100200000000041
:1005D00001000000FFFFFFFF000000507801002035
:1005E00000000000000000000020004001000000AA
:1005F00000000000080603000000D6010000000013
:10060000DB100020DA100020002000401406030058
:10061000020000002C060300020000002406030074
:1006200002010000098000000A80000109000000AA
:100630000A0000010800000003000000470C03004E
:10064000550C0300690C0300780C0300840C0300B4
:10065000B8000300C000030000010300080103000C
:100660002001030030010300960C0300000100008C
:10067000000000000904627574746F6E20696E7466
:100680006572727570740A006E65727665206F6EA1
:100690006C696E650A00456E746572696E672062EA
:1006A0006F6F746C6F616465720A002A2A2A204297
:1006B0006F6F74696E67205A6570687972204F5346
:1006C000206275696C642076342E342E302D3135DD
:1006D0003337342D67383434356639393538633734
:1006E00035202A2A2A0A006364635F61636D5F30E4
:1006F000006364635F61636D5F73657269616C0061
:1007000072302F61313A202030782530387820201F
:1007100072312F61323A202030782530387820200D
:1007200072322F61333A20203078253038780A0031
:1007300072332F61343A2020307825303878207297
:1007400031322F69703A2020307825303878207285
:1007500031342F6C723A20203078253038780A00F6
:1007600020787073723A20203078253038780A006B
:100770004661756C74696E6720696E737472756317
:1007800074696F6E206164647265737320287231BE
:10079000352F7063293A203078253038780A005593
:1007A0006E68616E646C6564204952516E3A202512
:1007B000640A002A2A2A2A2A204D505520464155EB
:1007C0004C54202A2A2A2A2A0A00202053746163C2
:1007D0006B696E67206572726F722028636F6E742A
:1007E0006578742061726561206D69676874206244
:1007F00065206E6F742076616C6964290A00202080
:10080000556E737461636B696E67206572726F7287
:100810000A00202044617461204163636573732082
:1008200056696F6C6174696F6E0A0020204D4D46E9
:10083000415220416464726573733A2030782578A0
:100840000A002020496E737472756374696F6E209C
:100850004163636573732056696F6C6174696F6E71
:100860000A002020466C6F6174696E672D706F6995
:100870006E74206C617A7920737461746520707273
:1008800065736572766174696F6E206572726F72DE
:100890000A002A2A2A2A2A20555341474520464140
:1008A000554C54202A2A2A2A2A0A002020446976F4
:1008B0006973696F6E206279207A65726F0A002011
:1008C00020556E616C69676E6564206D656D6F7231
:1008D00079206163636573730A0020204E6F206383
:1008E0006F70726F636573736F7220696E73747269
:1008F000756374696F6E730A002020496C6C6567BC
:10090000616C206C6F6164206F66204558435F52B4
:10091000455455524E20696E746F2050430A002092
:1009200020496C6C6567616C20757365206F66206B
:1009300074686520455053520A0020204174746544
:100940006D707420746F20657865637574652075AB
:100950006E646566696E656420696E737472756332
:1009600074696F6E0A002A2A2A2A2A2042555320C7
:100970004641554C54202A2A2A2A2A0A002020536C
:100980007461636B696E67206572726F720A002012
:1009900020507265636973652064617461206275BB
:1009A00073206572726F720A002020424641522005
:1009B000416464726573733A20307825780A0020A8
:1009C00020496D707265636973652064617461208C
:1009D000627573206572726F720A002020496E730F
:1009E0007472756374696F6E2062757320657272BC
:1009F0006F720A005265736572766564204578638C
:100A0000657074696F6E20280053707572696F7518
:100A10007320696E74657272757074202849525122
:100A20002000535053454C20696E207468726561F4
:100A300064206D6F646520646F6573206E6F742031
:100A4000696E646963617465205053500A004553B0
:100A50004620636F756C64206E6F7420626520722F
:100A60006574726965766564207375636365737315
:100A700066756C6C792E205368616C6C206E65769F
:100A80006572206F636375722E0A002A2A2A2A2A49
:100A90002048415244204641554C54202A2A2A2AB3
:100AA0002A0A002020427573206661756C74206FDD
:100AB0006E20766563746F72207461626C6520725B
:100AC0006561640A0020204465627567206576656B
:100AD0006E740A0020204661756C74206573636132
:100AE0006C6174696F6E20287365652062656C6F38
:100AF00077290A00415243485F45584345505420E6
:100B00007769746820726561736F6E2025780A0AB0
:100B1000002A2A2A2A2A204465627567206D6F6E92
:100B200069746F7220657863657074696F6E202ACE
:100B30002A2A2A2A0A002A2A2A2A2A202573202534
:100B40006429202A2A2A2A2A0A00464C4153485F4F
:100B500030005352414D5F30007573626400626F24
:100B60006172645F6364635F61636D5F756172741A
:100B7000007564635F6E72667800757362644034FA
:100B800030303237303030006866636C6B006C6632
:100B9000636C6B006770696F4035303030303330D4
:100BA00030006770696F40353030303030303000A1
:100BB000756172744034303030323030300048610A
:100BC0006C74696E672073797374656D0A00556E75
:100BD0006B6E6F776E206572726F7200756E6B6EE2
:100BE0006F776E003E3E3E205A455048595220468F
:100BF0004154414C204552524F522025643A202501
:100C000073206F6E204350552025640A004661759D
:100C10006C7420647572696E6720696E7465727297
:100C20007570742068616E646C696E670A00437544
:100C30007272656E74207468726561643A20257002
:100C400020282573290A0043505520657863657074
:100C500074696F6E00556E68616E646C65642069BE
:100C60006E7465727275707400537461636B206F7B
:100C7000766572666C6F77004B65726E656C206F7F
:100C80006F7073004B65726E656C2070616E696386
:100C9000006D61696E00737973776F726B710028F4
:100CA0006E756C6C29002A666C6F61742A0046535D
:100CB00020436F6E66696775726174696F6E004379
:100CC00044432041434D2073657269616C20626129
:100CD000636B656E64005A65706879722050726F3C
:100CE0006A65637400303132333435363738394110
:100CF0004243444546000001020304050607002064
:100D00003030303030303030303030303030000142
:100D100000000000B17D02000000000000010000A2
:100D200000000000000000000000000000000000C3
:100D300000000000000000000000000000000000B3
:100D4000A001030000C20100000008000000000034
:100D50000000000000000000000000000000000093
:100D60000000000000000000000000000000000083
:100D70000000000000000000080200201C04002009
:100D80000000000018020020000000000000000029
:100D90000000000000000000000000000000000053
:100DA0000000000000000000000000000000000043
:100DB0000000000000000000000000000000000033
:100DC0000000000000000000000000000000000023
:100DD00000000000C4000020C4000020000000004B
:100DE000010000000000000011C902000000000026
:100DF00030030020F0000020000000000000000090
:100E000000000000000000000004010000000000DD
:100E1000AE0C0300220300000000000000000000F0
:100E200000030300000000000000000000030000B9
:100E300000000000000000000002010000000000AF
:100E4000BF0C03002E0300000000000000000000A3
:100E50000001010000000000D60C03001E0300008A
:100E60000000000000000000000000000000000082
:100E70007406030004030000000000003FCD0200E0
:100E800000000000000000000060004000000000C2
:100E90000000000000000000000000000000000052
:100EA0000000000000000000000000000000000042
:100EB0000000000000000000000000000000000032
:100EC0000000000000000000000000000000000022
:100ED0000000000000000000000000000000000012
:100EE0000000000000000000000000000000000002
:100EF00000000000000000000000000000000000F2
:100F000000000000000000000000000000000000E1
:100F100000000000000000000000000000000000D1
:100F200010020020100200203833002000000000D2
:100F3000000000000000000000040000E7060300BD
:100F4000000000000405030000000000A0010300F1
:100F50000000000000000000000000000000000091
:100F60000000000000000000000000000000000081
:100F70000000000000000000000000000000000071
:100F80000000000000000000000000000000000061
:100F90000000000000000000000000000000000051
:100FA0000000000000000000000000000000000041
:100FB0000000000000000000000000000000000031
:100FC0000000000000000000000000000000000021
:100FD00000000000C4020020C40200200000000045
:100FE0000000000000000000000000000000000001
:100FF00000000000000000000000000000000000F1
:1010000000000000040300200000000000000000B9
:10101000000000000000000000000000DC100020C4
:1010200020000000000000000090D003FF0000003E
:10103000900200002403002024030020FFFFFFFF94
:1010400009020000000100807D12010002EF020190
:1010500040E32F0400040400000000080B0002021B
:101060000200000904000001020200000524001033
:1010700001052401000104240202052406000107E1
:1010800005810310000A09040100020A000000079C
:0F10900005820240000007050102400000000039
:10109F000000000000000000000000000000000041
:0110AF000040
:1010B000A0030020A0030020382A00200000000028
:0C10C0000800000010000000000000000C
:1010CC0000000000F82C00200004000000000000CC
:0410DC000000000010
:1010E000D0030020D00300200C0000000A00000004
:1010F000C0290020382A0020C0290020C029002053
:081100000000000000000000E7
:10110800F8030020F803002001000000010000009F
:0C11180008040020080400200000000073
:08112400140400201404002053
:10112C000000000000000000240400202404002023
:10113C00100010000A00000000000000C4040300AE
:10114C00B82A002000000000000000004804002025
:10115C0048040020100010000A000000D3E2020036
:08116C0038050300F8300020F3
:10117400F106030068040020680400200000000059
:101184000000000000000000D8010300000000007F
:10119400000000000000000000000000000000004B
:1011A400000000000000000000000000000000003B
:1011B400000000000000000000000000000000002B
:1011C400000000000000000000000000000000001B
:1011D400000000000000000000000000000000000B
:0C11E400390300200000000000000000A3
:1011F000000000002C0200200000000000000000A1
:081200000000000000000000E6
:0812080019A00200FDA0020084
:0412100015E015E0F0
:0400000320006A7DF2
:00000001FF
